customer_id,first_name,last_name,age,city,loyalty_status,signup_date,order_id,order_date,total_amount,quantity,discount_applied,product_name,category,price
1,Harry,Doe,39,Chicago,Regular,5/03/2024,1578,13/03/2025,1287.98,2,0,Dress,Clothing,643.99
1,Harry,Doe,39,Chicago,Regular,5/03/2024,449,27/03/2025,352.74,3,0,Keyboard,Clothing,117.58
2,Tom,Johnson,33,New York,Regular,13/10/2024,1973,27/02/2025,165.81,1,0,Monitor,Accessories,165.81
2,Tom,Johnson,33,New York,Regular,13/10/2024,1410,5/03/2025,5849.76,4,0,Hat,Electronics,1462.44
2,Tom,Johnson,33,New York,Regular,13/10/2024,1252,28/03/2025,3672.27,3,0,Dress,Clothing,1224.09
2,Tom,Johnson,33,New York,Regular,13/10/2024,444,26/02/2025,3672.27,3,0,Dress,Clothing,1224.09
3,Tom,Clark,41,Chicago,Regular,31/12/2023,2147,10/03/2025,1084.11,1,0.1,Belt,Clothing,1204.57
3,Tom,Clark,41,Chicago,Regular,31/12/2023,2108,2/02/2025,87.44,1,0,Mouse,Electronics,87.44
3,Tom,Clark,41,Chicago,Regular,31/12/2023,485,3/02/2025,4832.96,5,0.1,Dress,Clothing,1073.99
4,Mike,Lee,50,Los Angeles,Silver,19/02/2023,2435,13/02/2025,2936.97,3,0,Headphones,Clothing,978.99
4,Mike,Lee,50,Los Angeles,Silver,19/02/2023,688,25/01/2025,990.06,1,0.1,Laptop,Clothing,1100.07
5,David,Kyle,32,New York,Regular,24/10/2023,1019,8/02/2025,669.99,1,0.2,Sneakers,Clothing,837.49
6,David,Johnson,32,Los Angeles,Regular,26/10/2023,1765,19/02/2025,825.91,1,0,Laptop,Clothing,825.91
6,David,Johnson,32,Los Angeles,Regular,26/10/2023,572,7/01/2025,2607.46,2,0,Mouse,Accessories,1303.73
7,Alice,Smith,50,Los Angeles,Silver,26/06/2024,1127,9/02/2025,99.92,1,0,Laptop,Accessories,99.92
8,David,Taylor,42,Los Angeles,Silver,16/10/2024,2507,5/02/2025,837.49,1,0,Sneakers,Clothing,837.49
8,David,Taylor,42,Los Angeles,Silver,16/10/2024,2347,6/01/2025,1134.54,3,0,Shirt,Electronics,378.18
8,David,Taylor,42,Los Angeles,Silver,16/10/2024,1292,2/01/2025,174.88,2,0,Mouse,Electronics,87.44
8,David,Taylor,42,Los Angeles,Silver,16/10/2024,1287,20/01/2025,2928.08,2,0,Shirt,Electronics,1464.04
8,David,Taylor,42,Los Angeles,Silver,16/10/2024,925,26/01/2025,880.06,1,0.2,Laptop,Clothing,1100.07
8,David,Taylor,42,Los Angeles,Silver,16/10/2024,208,20/02/2025,131.63,1,0,Jeans,Clothing,131.63
9,Bob,Johnson,30,New York,Gold,20/03/2023,2253,26/01/2025,915.42,1,0.3,Monitor,Clothing,1307.74
9,Bob,Johnson,30,New York,Gold,20/03/2023,827,3/02/2025,519.1,2,0,Belt,Clothing,259.55
9,Bob,Johnson,30,New York,Gold,20/03/2023,661,20/01/2025,1308.96,1,0,Monitor,Electronics,1308.96
9,Bob,Johnson,30,New York,Gold,20/03/2023,508,14/01/2025,1307.74,1,0,Monitor,Clothing,1307.74
10,Harry,Taylor,40,Houston,Regular,10/06/2024,2415,7/02/2025,1343.28,1,0,Smartphone,Clothing,1343.28
10,Harry,Taylor,40,Houston,Regular,10/06/2024,1668,5/03/2025,2924.88,2,0,Hat,Electronics,1462.44
10,Harry,Taylor,40,Houston,Regular,10/06/2024,1640,7/01/2025,445.9,2,0.1,Keyboard,Clothing,247.72
10,Harry,Taylor,40,Houston,Regular,10/06/2024,1489,23/02/2025,276.59,1,0.1,Dress,Accessories,307.32
10,Harry,Taylor,40,Houston,Regular,10/06/2024,860,23/03/2025,1104.99,1,0.1,Smartphone,Electronics,1227.77
10,Harry,Taylor,40,Houston,Regular,10/06/2024,184,18/01/2025,87.44,1,0,Mouse,Electronics,87.44
11,Mikayla,Lee,30,Houston,Regular,18/07/2023,2743,18/01/2025,1204.57,1,0,Belt,Clothing,1204.57
11,Mikayla,Lee,30,Houston,Regular,18/07/2023,2681,7/01/2025,1116.63,1,0,Laptop,Electronics,1116.63
11,Mikayla,Lee,30,Houston,Regular,18/07/2023,2603,21/02/2025,562.72,2,0,Dress,Electronics,281.36
11,Mikayla,Lee,30,Houston,Regular,18/07/2023,2200,31/03/2025,1208.95,1,0.1,Smartphone,Clothing,1343.28
11,Mikayla,Lee,30,Houston,Regular,18/07/2023,982,11/03/2025,55.67,1,0,Sunglasses,Clothing,55.67
11,Mikayla,Lee,30,Houston,Regular,18/07/2023,625,27/02/2025,336.63,1,0,Shirt,Electronics,336.63
13,David,Brown,37,Los Angeles,Regular,7/07/2023,1221,7/01/2025,958.28,1,0,Jeans,Accessories,958.28
13,David,Brown,37,Los Angeles,Regular,7/07/2023,1179,27/02/2025,2686.56,2,0,Smartphone,Clothing,1343.28
14,Mikayla,Wilson,15,New York,Silver,7/04/2023,2794,25/03/2025,1462.44,1,0,Hat,Electronics,1462.44
14,Mikayla,Wilson,15,New York,Silver,7/04/2023,2046,13/01/2025,1937.86,2,0,Shirt,Accessories,968.93
14,Mikayla,Wilson,15,New York,Silver,7/04/2023,1883,4/02/2025,511.97,1,0,Jeans,Electronics,511.97
15,Harry,Wilson,17,chicago,Silver,5/09/2024,2452,2/02/2025,57.06,1,0,Laptop,Clothing,57.06
16,Emily,Doe,29,Los Angeles,Gold,21/06/2023,2519,31/01/2025,262.32,3,0,Mouse,Electronics,87.44
16,Emily,Doe,29,Los Angeles,Gold,21/06/2023,482,3/02/2025,1533.25,2,0.2,Jeans,Accessories,958.28
18,Mikayla,Jones,38,Chicago,Regular,27/11/2023,2149,7/01/2025,99.92,1,0,Laptop,Accessories,99.92
19,Harry,Lee,25,Houston,Regular,20/11/2023,996,29/03/2025,605.93,2,0.1,Shirt,Electronics,336.63
19,Harry,Lee,25,Houston,Regular,20/11/2023,374,14/02/2025,892.32,1,0.1,Keyboard,Accessories,991.47
19,Harry,Lee,25,Houston,Regular,20/11/2023,111,13/02/2025,5332.5,5,0,Smartphone,Clothing,1066.5
21,Lisa,Doe,49,Houston,Regular,5/11/2023,2037,10/01/2025,683.95,1,0,Tablet,Electronics,683.95
21,Lisa,Doe,49,Houston,Regular,5/11/2023,720,26/03/2025,4271.94,4,0.1,Sneakers,Electronics,1186.65
24,Tom,Clark,20,New York,Silver,15/12/2024,2618,27/02/2025,1354.16,2,0.1,Shirt,Electronics,752.31
24,Tom,Clark,20,New York,Silver,15/12/2024,1530,15/03/2025,57.06,1,0,Laptop,Clothing,57.06
24,Tom,Clark,20,New York,Silver,15/12/2024,1113,28/03/2025,4266,4,0,Smartphone,Clothing,1066.5
24,Tom,Clark,20,New York,Silver,15/12/2024,870,2/02/2025,2133,2,0,Smartphone,Clothing,1066.5
24,Tom,Clark,20,New York,Silver,15/12/2024,385,13/01/2025,2924.88,2,0,Hat,Electronics,1462.44
25,Alan,Wilson,29,chicago,Regular,5/12/2024,2071,17/02/2025,2133,2,0,Smartphone,Clothing,1066.5
26,David,Doe,36,Los Angeles,Regular,7/01/2024,1627,28/02/2025,816.53,1,0,Jacket,Clothing,816.53
26,David,Doe,36,Los Angeles,Regular,7/01/2024,576,10/01/2025,1204.57,1,0,Belt,Clothing,1204.57
27,Alice,Brown,23,Miami,Regular,9/04/2023,2170,3/03/2025,1227.77,1,0,Smartphone,Electronics,1227.77
28,David,Wilson,38,Los Angeles,Regular,1/07/2024,2557,18/03/2025,165.81,1,0,Monitor,Accessories,165.81
28,David,Wilson,38,Los Angeles,Regular,1/07/2024,402,16/02/2025,4214.88,3,0,Sneakers,Clothing,1404.96
28,David,Wilson,38,Los Angeles,Regular,1/07/2024,236,18/03/2025,958.28,1,0,Jeans,Accessories,958.28
29,Alan,Doe,28,Miami,Silver,16/08/2024,2235,27/03/2025,752.31,1,0,Shirt,Electronics,752.31
30,Sarah,Clark,32,Chicago,Regular,27/12/2023,2741,9/01/2025,235.16,2,0,Keyboard,Clothing,117.58
30,Sarah,Clark,32,Chicago,Regular,27/12/2023,2670,5/02/2025,1404.96,1,0,Sneakers,Clothing,1404.96
30,Sarah,Clark,32,Chicago,Regular,27/12/2023,2617,9/01/2025,2617.92,2,0,Monitor,Electronics,1308.96
30,Sarah,Clark,32,Chicago,Regular,27/12/2023,709,21/02/2025,78.7,1,0.1,Mouse,Electronics,87.44
30,Sarah,Clark,32,Chicago,Regular,27/12/2023,182,1/03/2025,562.72,2,0,Dress,Electronics,281.36
31,David,Kyle,28,Chicago,Silver,28/05/2023,2178,6/01/2025,5230.96,4,0,Monitor,Clothing,1307.74
31,David,Kyle,28,Chicago,Silver,28/05/2023,702,13/02/2025,1651.82,2,0,Laptop,Clothing,825.91
31,David,Kyle,28,Chicago,Silver,28/05/2023,497,31/03/2025,2859.62,4,0.1,Sneakers,Clothing,794.34
32,Harry,Wilson,53,Chicago,Silver,14/01/2023,2607,30/01/2025,7472.7,5,0,Hat,Electronics,1494.54
32,Harry,Wilson,53,Chicago,Silver,14/01/2023,2378,4/03/2025,668.84,3,0.1,Keyboard,Clothing,247.72
32,Harry,Wilson,53,Chicago,Silver,14/01/2023,117,24/03/2025,753.74,1,0.1,Sneakers,Clothing,837.49
33,Lisa,Clark,34,New York,Regular,21/05/2023,2492,10/03/2025,892.32,1,0.1,Keyboard,Accessories,991.47
33,Lisa,Clark,34,New York,Regular,21/05/2023,2244,9/01/2025,2936.97,3,0,Headphones,Clothing,978.99
33,Lisa,Clark,34,New York,Regular,21/05/2023,2197,26/02/2025,3499.14,4,0.2,Tablet,Clothing,1093.48
33,Lisa,Clark,34,New York,Regular,21/05/2023,892,3/03/2025,3672.27,3,0,Dress,Clothing,1224.09
34,Mike,Kyle,24,Los Angeles,Regular,14/06/2024,2662,11/01/2025,816.53,1,0,Jacket,Clothing,816.53
34,Mike,Kyle,24,Los Angeles,Regular,14/06/2024,1509,30/03/2025,2163.22,2,0,Jacket,Accessories,1081.61
34,Mike,Kyle,24,Los Angeles,Regular,14/06/2024,606,13/01/2025,3146.9,5,0.1,Backpack,Clothing,699.31
35,Wendy,Lee,43,chicago,Regular,16/10/2023,1208,17/03/2025,44.54,1,0.2,Sunglasses,Clothing,55.67
35,Wendy,Lee,43,chicago,Regular,16/10/2023,1007,16/02/2025,2686.56,2,0,Smartphone,Clothing,1343.28
36,Bob,Monta,22,New York,Regular,17/01/2024,1757,1/01/2025,837.49,1,0,Sneakers,Clothing,837.49
36,Bob,Monta,22,New York,Regular,17/01/2024,1571,29/01/2025,4250.6,4,0,Monitor,Clothing,1062.65
37,Harry,Clark,37,New York,Silver,11/05/2024,777,25/01/2025,614.64,2,0,Dress,Accessories,307.32
37,Harry,Clark,37,New York,Silver,11/05/2024,224,19/01/2025,844.08,3,0,Dress,Electronics,281.36
39,Bob,Wilson,21,Los Angeles,Silver,15/12/2023,2373,18/01/2025,751.79,1,0.3,Dress,Clothing,1073.99
39,Bob,Wilson,21,Los Angeles,Silver,15/12/2023,1849,17/02/2025,1073.99,1,0,Dress,Clothing,1073.99
39,Bob,Wilson,21,Los Angeles,Silver,15/12/2023,1191,21/03/2025,2924.88,2,0,Hat,Electronics,1462.44
39,Bob,Wilson,21,Los Angeles,Silver,15/12/2023,813,26/03/2025,2346.71,2,0.1,Mouse,Accessories,1303.73
40,Alan,Monta,36,New York,Silver,16/06/2023,2721,7/01/2025,663.24,4,0,Monitor,Accessories,165.81
40,Alan,Monta,36,New York,Silver,16/06/2023,2327,22/02/2025,1957.98,2,0,Headphones,Clothing,978.99
40,Alan,Monta,36,New York,Silver,16/06/2023,1963,16/02/2025,1264.46,1,0.1,Sneakers,Clothing,1404.96
41,Emily,Wilson,42,Miami,Regular,15/04/2023,1871,4/01/2025,515.78,1,0,Hat,Accessories,515.78
41,Emily,Wilson,42,Miami,Regular,15/04/2023,1794,14/03/2025,1101.68,1,0.1,Dress,Clothing,1224.09
41,Emily,Wilson,42,Miami,Regular,15/04/2023,312,6/01/2025,393.95,1,0,Monitor,Clothing,393.95
42,Lisa,Clark,36,chicago,Silver,12/08/2023,144,26/01/2025,340.36,1,0.1,Shirt,Electronics,378.18
43,Wendy,Monta,33,Chicago,Silver,8/06/2023,686,13/01/2025,2200.14,2,0,Laptop,Clothing,1100.07
44,Harry,Kyle,31,chicago,Regular,30/05/2024,2041,21/02/2025,105.82,1,0.1,Keyboard,Clothing,117.58
44,Harry,Kyle,31,chicago,Regular,30/05/2024,1912,26/01/2025,285.3,5,0,Laptop,Clothing,57.06
44,Harry,Kyle,31,chicago,Regular,30/05/2024,708,25/01/2025,1504.62,2,0,Shirt,Electronics,752.31
45,Harry,Clark,20,New York,Regular,15/08/2023,383,10/02/2025,928.4,2,0.1,Hat,Accessories,515.78
46,Alice,Doe,27,Miami,Silver,12/07/2023,2250,13/03/2025,2928.08,2,0,Shirt,Electronics,1464.04
46,Alice,Doe,27,Miami,Silver,12/07/2023,1961,11/03/2025,4483.62,3,0,Hat,Electronics,1494.54
46,Alice,Doe,27,Miami,Silver,12/07/2023,1932,16/02/2025,1093.48,1,0,Tablet,Clothing,1093.48
46,Alice,Doe,27,Miami,Silver,12/07/2023,1332,1/04/2025,968.93,1,0,Shirt,Accessories,968.93
46,Alice,Doe,27,Miami,Silver,12/07/2023,459,24/03/2025,331.62,2,0,Monitor,Accessories,165.81
49,Tom,Doe,80,Los Angeles,Silver,7/12/2024,321,31/01/2025,1968.26,2,0.1,Tablet,Clothing,1093.48
51,John,Doe,38,New York,Silver,28/06/2024,1855,10/01/2025,1303.73,1,0,Mouse,Accessories,1303.73
52,Harry,Brown,31,Los Angeles,Regular,30/12/2024,558,28/03/2025,4896.36,4,0,Dress,Clothing,1224.09
54,David,Kyle,41,New York,Regular,20/12/2024,751,3/03/2025,517.48,4,0,Shirt,Clothing,129.37
55,Wendy,Smith,45,Los Angeles,Silver,27/04/2023,2385,2/02/2025,105.82,1,0.1,Keyboard,Clothing,117.58
55,Wendy,Smith,45,Los Angeles,Silver,27/04/2023,595,15/03/2025,1507.48,2,0.1,Sneakers,Clothing,837.49
56,Mikayla,Monta,44,Houston,Silver,3/03/2024,2165,15/01/2025,2085.97,2,0.2,Mouse,Accessories,1303.73
56,Mikayla,Monta,44,Houston,Silver,3/03/2024,2060,16/01/2025,1004.97,1,0.1,Laptop,Electronics,1116.63
58,Mikayla,Lee,31,Miami,Regular,20/03/2023,1984,11/03/2025,222.68,4,0,Sunglasses,Clothing,55.67
58,Mikayla,Lee,31,Miami,Regular,20/03/2023,1700,15/01/2025,519.1,2,0,Belt,Clothing,259.55
58,Mikayla,Lee,31,Miami,Regular,20/03/2023,1307,8/01/2025,3252.34,3,0.1,Belt,Clothing,1204.57
58,Mikayla,Lee,31,Miami,Regular,20/03/2023,902,31/01/2025,3219.95,5,0,Dress,Clothing,643.99
58,Mikayla,Lee,31,Miami,Regular,20/03/2023,664,15/03/2025,307.32,1,0,Dress,Accessories,307.32
58,Mikayla,Lee,31,Miami,Regular,20/03/2023,196,9/01/2025,1227.77,1,0,Smartphone,Electronics,1227.77
59,Mike,Johnson,38,Chicago,Gold,30/04/2023,1267,25/01/2025,3009.24,4,0,Shirt,Electronics,752.31
59,Mike,Johnson,38,Chicago,Gold,30/04/2023,403,21/01/2025,378.18,1,0,Shirt,Electronics,378.18
60,Harry,Clark,44,Los Angeles,Regular,15/05/2023,2153,31/03/2025,511.97,1,0,Jeans,Electronics,511.97
60,Harry,Clark,44,Los Angeles,Regular,15/05/2023,1095,20/01/2025,862.45,1,0.1,Jeans,Accessories,958.28
60,Harry,Clark,44,Los Angeles,Regular,15/05/2023,244,20/03/2025,55.67,1,0,Sunglasses,Clothing,55.67
61,Harry,Doe,30,Miami,Regular,18/01/2023,2793,18/01/2025,1075.14,3,0.3,Jeans,Electronics,511.97
61,Harry,Doe,30,Miami,Regular,18/01/2023,649,9/01/2025,1081.61,1,0,Jacket,Accessories,1081.61
61,Harry,Doe,30,Miami,Regular,18/01/2023,605,24/01/2025,605.09,2,0.2,Shirt,Electronics,378.18
61,Harry,Doe,30,Miami,Regular,18/01/2023,418,23/01/2025,673.26,2,0,Shirt,Electronics,336.63
62,Harry,Smith,33,chicago,Gold,6/05/2024,1411,8/02/2025,1462.44,1,0,Hat,Electronics,1462.44
62,Harry,Smith,33,chicago,Gold,6/05/2024,1285,17/02/2025,579.59,1,0.1,Dress,Clothing,643.99
62,Harry,Smith,33,chicago,Gold,6/05/2024,191,27/03/2025,2448.18,2,0,Dress,Clothing,1224.09
64,Emily,Taylor,23,Miami,Silver,16/11/2023,1542,31/01/2025,1303.73,1,0,Mouse,Accessories,1303.73
64,Emily,Taylor,23,Miami,Silver,16/11/2023,927,8/01/2025,956.39,1,0.1,Monitor,Clothing,1062.65
64,Emily,Taylor,23,Miami,Silver,16/11/2023,118,4/01/2025,1264.46,1,0.1,Sneakers,Clothing,1404.96
65,Alice,Brown,43,Los Angeles,Regular,8/12/2024,2660,7/01/2025,1343.28,1,0,Smartphone,Clothing,1343.28
65,Alice,Brown,43,Los Angeles,Regular,8/12/2024,761,6/01/2025,752.31,1,0,Shirt,Electronics,752.31
66,Lisa,Taylor,48,Los Angeles,Regular,7/01/2024,2238,26/03/2025,991.47,1,0,Keyboard,Accessories,991.47
66,Lisa,Taylor,48,Los Angeles,Regular,7/01/2024,1633,6/02/2025,5500.35,5,0,Laptop,Clothing,1100.07
66,Lisa,Taylor,48,Los Angeles,Regular,7/01/2024,735,18/01/2025,678.25,1,0.3,Shirt,Accessories,968.93
66,Lisa,Taylor,48,Los Angeles,Regular,7/01/2024,615,24/01/2025,2462.22,4,0.1,Tablet,Electronics,683.95
66,Lisa,Taylor,48,Los Angeles,Regular,7/01/2024,609,23/01/2025,393.95,1,0,Monitor,Clothing,393.95
66,Lisa,Taylor,48,Los Angeles,Regular,7/01/2024,541,9/01/2025,1116.63,1,0,Laptop,Electronics,1116.63
66,Lisa,Taylor,48,Los Angeles,Regular,7/01/2024,539,29/03/2025,3244.83,3,0,Jacket,Accessories,1081.61
67,Mikayla,Brown,34,Miami,Regular,23/05/2023,1053,26/03/2025,683.95,1,0,Tablet,Electronics,683.95
68,Bob,Kyle,45,Houston,Silver,28/03/2024,2117,13/02/2025,1204.57,1,0,Belt,Clothing,1204.57
68,Bob,Kyle,45,Houston,Silver,28/03/2024,1924,14/03/2025,825.91,1,0,Laptop,Clothing,825.91
68,Bob,Kyle,45,Houston,Silver,28/03/2024,1057,12/03/2025,1345.09,1,0.1,Hat,Electronics,1494.54
68,Bob,Kyle,45,Houston,Silver,28/03/2024,638,1/01/2025,3839.4,4,0.1,Smartphone,Clothing,1066.5
69,Tom,Smith,38,New York,Silver,3/09/2024,988,24/03/2025,247.72,1,0,Keyboard,Clothing,247.72
69,Tom,Smith,38,New York,Silver,3/09/2024,911,26/03/2025,1566.38,2,0.2,Headphones,Clothing,978.99
70,Alan,Clark,28,Los Angeles,Silver,19/06/2024,2723,20/01/2025,643.99,1,0,Dress,Clothing,643.99
70,Alan,Clark,28,Los Angeles,Silver,19/06/2024,2392,30/01/2025,1968.26,2,0.1,Tablet,Clothing,1093.48
70,Alan,Clark,28,Los Angeles,Silver,19/06/2024,2026,23/03/2025,1494.54,1,0,Hat,Electronics,1494.54
70,Alan,Clark,28,Los Angeles,Silver,19/06/2024,1253,4/02/2025,1980.13,2,0.1,Laptop,Clothing,1100.07
70,Alan,Clark,28,Los Angeles,Silver,19/06/2024,1129,16/02/2025,1744.07,2,0.1,Shirt,Accessories,968.93
70,Alan,Clark,28,Los Angeles,Silver,19/06/2024,901,9/01/2025,734.88,1,0.1,Jacket,Clothing,816.53
70,Alan,Clark,28,Los Angeles,Silver,19/06/2024,896,5/01/2025,1880.59,2,0.3,Smartphone,Clothing,1343.28
72,Mike,Wilson,50,chicago,Regular,26/06/2023,1174,16/02/2025,1494.54,1,0,Hat,Electronics,1494.54
72,Mike,Wilson,50,chicago,Regular,26/06/2023,812,31/01/2025,1116.63,1,0,Laptop,Electronics,1116.63
73,Lisa,Brown,34,Los Angeles,Regular,27/12/2024,2675,22/01/2025,1308.96,1,0,Monitor,Electronics,1308.96
73,Lisa,Brown,34,Los Angeles,Regular,27/12/2024,2352,1/03/2025,1931.97,3,0,Dress,Clothing,643.99
73,Lisa,Brown,34,Los Angeles,Regular,27/12/2024,2027,24/03/2025,1023.54,1,0,Jacket,Accessories,1023.54
74,Emily,Doe,50,Los Angeles,Regular,8/11/2023,2594,31/03/2025,1651.82,2,0,Laptop,Clothing,825.91
74,Emily,Doe,50,Los Angeles,Regular,8/11/2023,2175,25/03/2025,3952.91,3,0.1,Shirt,Electronics,1464.04
74,Emily,Doe,50,Los Angeles,Regular,8/11/2023,975,19/02/2025,464.2,1,0.1,Hat,Accessories,515.78
74,Emily,Doe,50,Los Angeles,Regular,8/11/2023,701,9/01/2025,1208.95,1,0.1,Smartphone,Clothing,1343.28
76,Tom,Jones,43,Miami,Regular,2/05/2023,2760,15/03/2025,2373.3,2,0,Sneakers,Electronics,1186.65
76,Tom,Jones,43,Miami,Regular,2/05/2023,1734,23/02/2025,2346.71,2,0.1,Mouse,Accessories,1303.73
77,Emily,Brown,35,Chicago,Gold,16/08/2023,2596,18/02/2025,699.31,1,0,Backpack,Clothing,699.31
77,Emily,Brown,35,Chicago,Gold,16/08/2023,2107,2/03/2025,1084.11,1,0.1,Belt,Clothing,1204.57
77,Emily,Brown,35,Chicago,Gold,16/08/2023,967,14/01/2025,1588.68,2,0,Sneakers,Clothing,794.34
78,Mikayla,Clark,32,Chicago,Regular,12/05/2023,2418,29/03/2025,1462.44,1,0,Hat,Electronics,1462.44
78,Mikayla,Clark,32,Chicago,Regular,12/05/2023,2232,12/01/2025,412.62,1,0.2,Hat,Accessories,515.78
78,Mikayla,Clark,32,Chicago,Regular,12/05/2023,2181,29/01/2025,236.93,2,0.1,Jeans,Clothing,131.63
78,Mikayla,Clark,32,Chicago,Regular,12/05/2023,1629,26/01/2025,794.34,1,0,Sneakers,Clothing,794.34
78,Mikayla,Clark,32,Chicago,Regular,12/05/2023,1001,23/03/2025,5583.15,5,0,Laptop,Electronics,1116.63
78,Mikayla,Clark,32,Chicago,Regular,12/05/2023,496,11/02/2025,1404.96,1,0,Sneakers,Clothing,1404.96
79,Emily,Doe,80,Los Angeles,Regular,11/12/2024,2791,27/02/2025,2133,2,0,Smartphone,Clothing,1066.5
79,Emily,Doe,80,Los Angeles,Regular,11/12/2024,2560,28/01/2025,5856.16,4,0,Shirt,Electronics,1464.04
79,Emily,Doe,80,Los Angeles,Regular,11/12/2024,2180,24/01/2025,2409.14,2,0,Belt,Clothing,1204.57
79,Emily,Doe,80,Los Angeles,Regular,11/12/2024,1139,8/02/2025,467.19,2,0.1,Belt,Clothing,259.55
80,David,Kyle,15,Los Angeles,Regular,26/05/2023,1696,12/01/2025,1303.73,1,0,Mouse,Accessories,1303.73
81,Jane,Smith,32,Miami,Silver,5/12/2024,1151,13/03/2025,1308.96,1,0,Monitor,Electronics,1308.96
82,Alice,Wilson,38,Houston,Silver,21/08/2023,1339,26/02/2025,269.3,1,0.2,Shirt,Electronics,336.63
82,Alice,Wilson,38,Houston,Silver,21/08/2023,758,31/03/2025,2092.38,2,0.2,Monitor,Clothing,1307.74
82,Alice,Wilson,38,Houston,Silver,21/08/2023,574,17/03/2025,547.16,1,0.2,Tablet,Electronics,683.95
82,Alice,Wilson,38,Houston,Silver,21/08/2023,277,23/03/2025,247.72,1,0,Keyboard,Clothing,247.72
83,Emily,Lee,49,Chicago,Gold,11/11/2023,2785,26/01/2025,393.95,1,0,Monitor,Clothing,393.95
83,Emily,Lee,49,Chicago,Gold,11/11/2023,1526,2/03/2025,2477.73,3,0,Laptop,Clothing,825.91
83,Emily,Lee,49,Chicago,Gold,11/11/2023,805,6/01/2025,2617.92,2,0,Monitor,Electronics,1308.96
84,Alan,Wilson,29,Los Angeles,Regular,9/05/2023,2391,7/03/2025,1919.7,2,0.1,Smartphone,Clothing,1066.5
84,Alan,Wilson,29,Los Angeles,Regular,9/05/2023,2043,27/01/2025,99.92,1,0,Laptop,Accessories,99.92
84,Alan,Wilson,29,Los Angeles,Regular,9/05/2023,1977,6/01/2025,3349.96,5,0.2,Sneakers,Clothing,837.49
84,Alan,Wilson,29,Los Angeles,Regular,9/05/2023,1609,4/01/2025,1062.65,1,0,Monitor,Clothing,1062.65
84,Alan,Wilson,29,Los Angeles,Regular,9/05/2023,433,15/02/2025,683.95,1,0,Tablet,Electronics,683.95
85,Harry,Johnson,26,Houston,Regular,3/08/2023,1771,26/01/2025,515.78,1,0,Hat,Accessories,515.78
85,Harry,Johnson,26,Houston,Regular,3/08/2023,789,31/03/2025,2607.46,2,0,Mouse,Accessories,1303.73
85,Harry,Johnson,26,Houston,Regular,3/08/2023,187,10/01/2025,2550.36,3,0.2,Monitor,Clothing,1062.65
86,Harry,Taylor,29,chicago,Regular,14/05/2023,2360,2/03/2025,1354.16,2,0.1,Shirt,Electronics,752.31
86,Harry,Taylor,29,chicago,Regular,14/05/2023,604,13/02/2025,794.34,1,0,Sneakers,Clothing,794.34
86,Harry,Taylor,29,chicago,Regular,14/05/2023,166,23/03/2025,5235.84,4,0,Monitor,Electronics,1308.96
88,Harry,Kyle,38,New York,Regular,11/03/2024,2309,22/02/2025,551.53,2,0.3,Monitor,Clothing,393.95
88,Harry,Kyle,38,New York,Regular,11/03/2024,1400,19/03/2025,307.32,1,0,Dress,Accessories,307.32
89,Jane,Taylor,29,New York,Gold,8/12/2024,1241,2/01/2025,1081.61,1,0,Jacket,Accessories,1081.61
91,Harry,Taylor,35,chicago,Regular,21/03/2023,2121,5/01/2025,307.32,1,0,Dress,Accessories,307.32
91,Harry,Taylor,35,chicago,Regular,21/03/2023,1854,17/02/2025,2186.96,2,0,Tablet,Clothing,1093.48
91,Harry,Taylor,35,chicago,Regular,21/03/2023,1695,12/03/2025,614.64,2,0,Dress,Accessories,307.32
91,Harry,Taylor,35,chicago,Regular,21/03/2023,1383,9/01/2025,519.1,2,0,Belt,Clothing,259.55
92,Alan,Clark,44,Los Angeles,Silver,20/01/2023,1134,2/03/2025,1066.5,1,0,Smartphone,Clothing,1066.5
92,Alan,Clark,44,Los Angeles,Silver,20/01/2023,1025,11/03/2025,1227.77,1,0,Smartphone,Electronics,1227.77
93,Bob,Wilson,27,New York,Regular,10/05/2024,2587,19/03/2025,4392.12,3,0,Shirt,Electronics,1464.04
93,Bob,Wilson,27,New York,Regular,10/05/2024,2401,12/02/2025,1031.56,2,0,Hat,Accessories,515.78
93,Bob,Wilson,27,New York,Regular,10/05/2024,231,8/03/2025,1100.07,1,0,Laptop,Clothing,1100.07
94,Alice,Wilson,31,Houston,Silver,17/03/2024,2553,27/03/2025,794.34,1,0,Sneakers,Clothing,794.34
94,Alice,Wilson,31,Houston,Silver,17/03/2024,2355,8/02/2025,677.08,1,0.1,Shirt,Electronics,752.31
94,Alice,Wilson,31,Houston,Silver,17/03/2024,2276,28/01/2025,1343.28,1,0,Smartphone,Clothing,1343.28
94,Alice,Wilson,31,Houston,Silver,17/03/2024,2013,17/02/2025,837.49,1,0,Sneakers,Clothing,837.49
94,Alice,Wilson,31,Houston,Silver,17/03/2024,889,8/03/2025,281.36,1,0,Dress,Electronics,281.36
95,Mike,Jones,31,Chicago,Silver,13/02/2023,2310,8/01/2025,1784.65,2,0.1,Keyboard,Accessories,991.47
96,Bob,Doe,20,chicago,Gold,21/07/2023,2724,17/01/2025,991.47,1,0,Keyboard,Accessories,991.47
96,Bob,Doe,20,chicago,Gold,21/07/2023,620,14/02/2025,1404.96,1,0,Sneakers,Clothing,1404.96
98,Mikayla,Monta,37,New York,Regular,3/02/2023,2441,20/02/2025,1784.65,2,0.1,Keyboard,Accessories,991.47
98,Mikayla,Monta,37,New York,Regular,3/02/2023,2262,7/03/2025,614.64,2,0,Dress,Accessories,307.32
98,Mikayla,Monta,37,New York,Regular,3/02/2023,274,25/02/2025,2449.59,3,0,Jacket,Clothing,816.53
99,Jane,Smith,35,Houston,Silver,6/11/2024,811,1/01/2025,587.9,5,0,Keyboard,Clothing,117.58
100,Jane,Wilson,32,Los Angeles,Regular,9/06/2024,2542,29/01/2025,511.97,1,0,Jeans,Electronics,511.97
100,Jane,Wilson,32,Los Angeles,Regular,9/06/2024,2489,5/02/2025,506.45,2,0.1,Dress,Electronics,281.36
100,Jane,Wilson,32,Los Angeles,Regular,9/06/2024,1592,7/02/2025,794.34,1,0,Sneakers,Clothing,794.34
100,Jane,Wilson,32,Los Angeles,Regular,9/06/2024,1541,20/03/2025,2607.46,2,0,Mouse,Accessories,1303.73
100,Jane,Wilson,32,Los Angeles,Regular,9/06/2024,392,23/03/2025,770.05,1,0.3,Laptop,Clothing,1100.07
100,Jane,Wilson,32,Los Angeles,Regular,9/06/2024,154,16/02/2025,1208.95,1,0.1,Smartphone,Clothing,1343.28
101,Bob,Lee,20,Miami,Silver,30/08/2024,2031,25/01/2025,2928.08,2,0,Shirt,Electronics,1464.04
101,Bob,Lee,20,Miami,Silver,30/08/2024,1877,31/01/2025,683.95,1,0,Tablet,Electronics,683.95
101,Bob,Lee,20,Miami,Silver,30/08/2024,1310,26/01/2025,1004.97,1,0.1,Laptop,Electronics,1116.63
101,Bob,Lee,20,Miami,Silver,30/08/2024,1284,23/01/2025,1912.77,2,0.1,Monitor,Clothing,1062.65
101,Bob,Lee,20,Miami,Silver,30/08/2024,997,4/03/2025,281.36,1,0,Dress,Electronics,281.36
101,Bob,Lee,20,Miami,Silver,30/08/2024,105,4/03/2025,315.36,1,0.1,Smartphone,Clothing,350.4
102,Jane,Taylor,30,New York,Regular,2/03/2023,2265,9/03/2025,2346.71,2,0.1,Mouse,Accessories,1303.73
102,Jane,Taylor,30,New York,Regular,2/03/2023,2083,4/03/2025,837.49,1,0,Sneakers,Clothing,837.49
102,Jane,Taylor,30,New York,Regular,2/03/2023,1769,2/02/2025,982.22,1,0.2,Smartphone,Electronics,1227.77
102,Jane,Taylor,30,New York,Regular,2/03/2023,1062,28/01/2025,881.09,1,0.1,Headphones,Clothing,978.99
103,Bob,Brown,31,New York,Regular,25/04/2024,2690,31/01/2025,129.37,1,0,Shirt,Clothing,129.37
103,Bob,Brown,31,New York,Regular,25/04/2024,2065,2/01/2025,3177.36,4,0,Sneakers,Clothing,794.34
103,Bob,Brown,31,New York,Regular,25/04/2024,636,13/01/2025,2632.39,2,0.1,Hat,Electronics,1462.44
104,David,Kyle,26,New York,Gold,2/05/2023,2581,3/01/2025,1287.98,2,0,Dress,Clothing,643.99
104,David,Kyle,26,New York,Gold,2/05/2023,2482,18/01/2025,3513.7,3,0.2,Shirt,Electronics,1464.04
104,David,Kyle,26,New York,Gold,2/05/2023,2101,4/03/2025,114.12,2,0,Laptop,Clothing,57.06
105,David,Wilson,33,chicago,Silver,17/09/2023,2798,19/01/2025,6120.45,5,0,Dress,Clothing,1224.09
105,David,Wilson,33,chicago,Silver,17/09/2023,890,5/01/2025,4360.18,5,0.1,Shirt,Accessories,968.93
106,Jane,Clark,39,Los Angeles,Regular,14/02/2023,2744,1/01/2025,978.99,1,0,Headphones,Clothing,978.99
106,Jane,Clark,39,Los Angeles,Regular,14/02/2023,1644,17/02/2025,1204.57,1,0,Belt,Clothing,1204.57
106,Jane,Clark,39,Los Angeles,Regular,14/02/2023,968,29/03/2025,3825.54,4,0.1,Monitor,Clothing,1062.65
106,Jane,Clark,39,Los Angeles,Regular,14/02/2023,145,15/02/2025,1512.72,5,0.2,Shirt,Electronics,378.18
106,Jane,Clark,39,Los Angeles,Regular,14/02/2023,139,25/01/2025,601.85,1,0.2,Shirt,Electronics,752.31
107,Bob,Smith,53,New York,Regular,9/03/2023,2049,3/01/2025,171.18,3,0,Laptop,Clothing,57.06
107,Bob,Smith,53,New York,Regular,9/03/2023,1995,6/03/2025,1674.98,2,0,Sneakers,Clothing,837.49
108,Emily,Taylor,36,chicago,Regular,5/11/2023,2584,20/03/2025,699.31,1,0,Backpack,Clothing,699.31
108,Emily,Taylor,36,chicago,Regular,5/11/2023,1815,24/01/2025,4295.96,4,0,Dress,Clothing,1073.99
108,Emily,Taylor,36,chicago,Regular,5/11/2023,1038,19/02/2025,87.44,1,0,Mouse,Electronics,87.44
108,Emily,Taylor,36,chicago,Regular,5/11/2023,592,12/01/2025,2203.36,2,0.1,Dress,Clothing,1224.09
109,Sarah,Jones,37,Houston,Regular,14/11/2024,2231,21/01/2025,1957.98,2,0,Headphones,Clothing,978.99
109,Sarah,Jones,37,Houston,Regular,14/11/2024,1784,7/03/2025,3496.55,5,0,Backpack,Clothing,699.31
109,Sarah,Jones,37,Houston,Regular,14/11/2024,885,13/03/2025,393.95,1,0,Monitor,Clothing,393.95
110,Sarah,Doe,34,chicago,Regular,11/01/2023,1814,28/01/2025,1912.77,2,0.1,Monitor,Clothing,1062.65
110,Sarah,Doe,34,chicago,Regular,11/01/2023,1631,19/03/2025,302.97,1,0.1,Shirt,Electronics,336.63
114,Mikayla,Kyle,59,Miami,Regular,30/07/2023,2466,7/03/2025,519.1,2,0,Belt,Clothing,259.55
114,Mikayla,Kyle,59,Miami,Regular,30/07/2023,2431,1/02/2025,89.93,1,0.1,Laptop,Accessories,99.92
114,Mikayla,Kyle,59,Miami,Regular,30/07/2023,1741,27/01/2025,850.12,1,0.2,Monitor,Clothing,1062.65
115,Alice,Doe,33,Los Angeles,Silver,24/08/2024,2622,14/02/2025,958.28,1,0,Jeans,Accessories,958.28
115,Alice,Doe,33,Los Angeles,Silver,24/08/2024,983,10/01/2025,299.76,3,0,Laptop,Accessories,99.92
115,Alice,Doe,33,Los Angeles,Silver,24/08/2024,391,5/03/2025,55.67,1,0,Sunglasses,Clothing,55.67
116,John,Kyle,38,Miami,Regular,24/07/2023,1399,29/03/2025,129.37,1,0,Shirt,Clothing,129.37
116,John,Kyle,38,Miami,Regular,24/07/2023,1362,17/03/2025,1784.65,2,0.1,Keyboard,Accessories,991.47
116,John,Kyle,38,Miami,Regular,24/07/2023,703,1/02/2025,2047.88,4,0,Jeans,Electronics,511.97
116,John,Kyle,38,Miami,Regular,24/07/2023,417,10/03/2025,278.35,5,0,Sunglasses,Clothing,55.67
117,Wendy,Monta,34,New York,Regular,9/07/2023,1405,10/02/2025,1023.94,2,0,Jeans,Electronics,511.97
118,Mikayla,Jones,23,Miami,Regular,17/11/2024,1746,14/02/2025,5583.15,5,0,Laptop,Electronics,1116.63
119,Mikayla,Monta,46,Houston,Regular,26/12/2023,2087,14/02/2025,117.58,1,0,Keyboard,Clothing,117.58
119,Mikayla,Monta,46,Houston,Regular,26/12/2023,301,14/01/2025,1958.54,2,0.2,Dress,Clothing,1224.09
121,Alice,Kyle,42,New York,Regular,3/04/2023,1898,5/03/2025,6138.85,5,0,Smartphone,Electronics,1227.77
121,Alice,Kyle,42,New York,Regular,3/04/2023,1525,23/03/2025,302.97,1,0.1,Shirt,Electronics,336.63
121,Alice,Kyle,42,New York,Regular,3/04/2023,1045,18/01/2025,819.15,2,0.2,Jeans,Electronics,511.97
121,Alice,Kyle,42,New York,Regular,3/04/2023,410,9/02/2025,1633.06,2,0,Jacket,Clothing,816.53
121,Alice,Kyle,42,New York,Regular,3/04/2023,371,24/03/2025,1343.28,1,0,Smartphone,Clothing,1343.28
121,Alice,Kyle,42,New York,Regular,3/04/2023,310,27/03/2025,118.47,1,0.1,Jeans,Clothing,131.63
121,Alice,Kyle,42,New York,Regular,3/04/2023,121,13/01/2025,1404.96,1,0,Sneakers,Clothing,1404.96
122,Harry,Brown,25,Miami,Regular,30/05/2023,2738,23/03/2025,1224.09,1,0,Dress,Clothing,1224.09
123,Mikayla,Kyle,49,New York,Regular,12/10/2023,2775,15/01/2025,2200.14,2,0,Laptop,Clothing,1100.07
123,Mikayla,Kyle,49,New York,Regular,12/10/2023,2679,12/01/2025,1186.65,1,0,Sneakers,Electronics,1186.65
123,Mikayla,Kyle,49,New York,Regular,12/10/2023,464,1/02/2025,819.15,2,0.2,Jeans,Electronics,511.97
123,Mikayla,Kyle,49,New York,Regular,12/10/2023,327,23/02/2025,105.3,1,0.2,Jeans,Clothing,131.63
124,John,Smith,20,Miami,Regular,16/08/2024,2325,20/03/2025,393.95,1,0,Monitor,Clothing,393.95
124,John,Smith,20,Miami,Regular,16/08/2024,2063,26/03/2025,1307.74,1,0,Monitor,Clothing,1307.74
124,John,Smith,20,Miami,Regular,16/08/2024,1774,20/02/2025,4082.65,5,0,Jacket,Clothing,816.53
124,John,Smith,20,Miami,Regular,16/08/2024,1565,5/02/2025,614.64,2,0,Dress,Accessories,307.32
124,John,Smith,20,Miami,Regular,16/08/2024,1438,22/03/2025,1171.23,1,0.2,Shirt,Electronics,1464.04
124,John,Smith,20,Miami,Regular,16/08/2024,1379,6/02/2025,1093.48,1,0,Tablet,Clothing,1093.48
124,John,Smith,20,Miami,Regular,16/08/2024,361,7/01/2025,1009.89,3,0,Shirt,Electronics,336.63
125,John,Wilson,40,Los Angeles,Silver,23/12/2023,2706,10/03/2025,1307.74,1,0,Monitor,Clothing,1307.74
125,John,Wilson,40,Los Angeles,Silver,23/12/2023,2500,26/03/2025,908.9,3,0.1,Shirt,Electronics,336.63
125,John,Wilson,40,Los Angeles,Silver,23/12/2023,1630,1/04/2025,1224.09,1,0,Dress,Clothing,1224.09
125,John,Wilson,40,Los Angeles,Silver,23/12/2023,1556,9/03/2025,275.76,1,0.3,Monitor,Clothing,393.95
125,John,Wilson,40,Los Angeles,Silver,23/12/2023,250,6/01/2025,519.1,2,0,Belt,Clothing,259.55
126,Sarah,Kyle,56,Los Angeles,Regular,27/12/2023,2438,5/03/2025,5856.16,4,0,Shirt,Electronics,1464.04
126,Sarah,Kyle,56,Los Angeles,Regular,27/12/2023,2214,25/02/2025,874.78,1,0.2,Tablet,Clothing,1093.48
127,Harry,Johnson,25,New York,Regular,14/06/2023,2768,17/01/2025,2409.14,2,0,Belt,Clothing,1204.57
127,Harry,Johnson,25,New York,Regular,14/06/2023,1671,18/01/2025,2512.47,3,0,Sneakers,Clothing,837.49
127,Harry,Johnson,25,New York,Regular,14/06/2023,228,2/01/2025,2097.93,3,0,Backpack,Clothing,699.31
128,Mikayla,Smith,29,chicago,Regular,27/05/2024,1667,17/01/2025,1651.82,2,0,Laptop,Clothing,825.91
128,Mikayla,Smith,29,chicago,Regular,27/05/2024,1354,10/01/2025,1982.94,2,0,Keyboard,Accessories,991.47
128,Mikayla,Smith,29,chicago,Regular,27/05/2024,610,1/04/2025,2686.56,2,0,Smartphone,Clothing,1343.28
128,Mikayla,Smith,29,chicago,Regular,27/05/2024,296,29/01/2025,171.18,3,0,Laptop,Clothing,57.06
129,Mikayla,Jones,35,New York,Regular,19/09/2024,2535,20/03/2025,2342.46,2,0.2,Shirt,Electronics,1464.04
129,Mikayla,Jones,35,New York,Regular,19/09/2024,2332,18/03/2025,3349.89,3,0,Laptop,Electronics,1116.63
129,Mikayla,Jones,35,New York,Regular,19/09/2024,1931,6/02/2025,683.95,1,0,Tablet,Electronics,683.95
129,Mikayla,Jones,35,New York,Regular,19/09/2024,1602,2/01/2025,816.53,1,0,Jacket,Clothing,816.53
129,Mikayla,Jones,35,New York,Regular,19/09/2024,1566,19/01/2025,1957.98,2,0,Headphones,Clothing,978.99
129,Mikayla,Jones,35,New York,Regular,19/09/2024,858,29/01/2025,958.28,1,0,Jeans,Accessories,958.28
129,Mikayla,Jones,35,New York,Regular,19/09/2024,540,15/02/2025,683.95,1,0,Tablet,Electronics,683.95
130,Bob,Doe,29,chicago,Regular,5/09/2023,914,27/01/2025,1308.96,1,0,Monitor,Electronics,1308.96
130,Bob,Doe,29,chicago,Regular,5/09/2023,298,25/02/2025,519.1,2,0,Belt,Clothing,259.55
130,Bob,Doe,29,chicago,Regular,5/09/2023,102,24/01/2025,699.31,1,0,Backpack,Clothing,699.31
131,Alan,Doe,19,Los Angeles,Silver,1/06/2024,2563,11/01/2025,263.26,2,0,Jeans,Clothing,131.63
131,Alan,Doe,19,Los Angeles,Silver,1/06/2024,1896,4/01/2025,315.36,1,0.1,Smartphone,Clothing,350.4
131,Alan,Doe,19,Los Angeles,Silver,1/06/2024,1474,27/03/2025,57.06,1,0,Laptop,Clothing,57.06
133,Wendy,Jones,24,New York,Regular,11/03/2023,1848,7/01/2025,968.93,1,0,Shirt,Accessories,968.93
135,Tom,Lee,25,Chicago,Silver,15/08/2024,788,29/03/2025,1303.73,1,0,Mouse,Accessories,1303.73
136,Lisa,Kyle,50,Miami,Regular,15/01/2023,1380,21/01/2025,716.76,2,0.3,Jeans,Electronics,511.97
137,Mikayla,Taylor,27,chicago,Regular,25/06/2024,1175,26/02/2025,1093.48,1,0,Tablet,Clothing,1093.48
138,John,Monta,31,Los Angeles,Regular,11/08/2023,2766,6/03/2025,859.19,1,0.2,Dress,Clothing,1073.99
138,John,Monta,31,Los Angeles,Regular,11/08/2023,2166,29/03/2025,1303.73,1,0,Mouse,Accessories,1303.73
138,John,Monta,31,Los Angeles,Regular,11/08/2023,1482,19/03/2025,1980.13,2,0.1,Laptop,Clothing,1100.07
138,John,Monta,31,Los Angeles,Regular,11/08/2023,157,30/03/2025,2477.73,3,0,Laptop,Clothing,825.91
139,Lisa,Wilson,43,Houston,Regular,16/07/2023,1315,1/01/2025,276.59,1,0.1,Dress,Accessories,307.32
140,Wendy,Wilson,22,Los Angeles,Silver,16/10/2023,465,3/01/2025,4911.08,4,0,Smartphone,Electronics,1227.77
141,Tom,Kyle,37,Houston,Regular,25/06/2023,2324,3/03/2025,1674.98,2,0,Sneakers,Clothing,837.49
141,Tom,Kyle,37,Houston,Regular,25/06/2023,992,20/03/2025,1186.65,1,0,Sneakers,Electronics,1186.65
142,Harry,Kyle,48,Miami,Regular,4/07/2024,2069,13/02/2025,394.89,3,0,Jeans,Clothing,131.63
142,Harry,Kyle,48,Miami,Regular,4/07/2024,1132,16/03/2025,69.95,1,0.2,Mouse,Electronics,87.44
143,Tom,Lee,18,Los Angeles,Regular,5/01/2023,2304,22/02/2025,978.99,1,0,Headphones,Clothing,978.99
143,Tom,Lee,18,Los Angeles,Regular,5/01/2023,2044,11/03/2025,1494.54,1,0,Hat,Electronics,1494.54
143,Tom,Lee,18,Los Angeles,Regular,5/01/2023,1245,18/02/2025,629.38,1,0.1,Backpack,Clothing,699.31
143,Tom,Lee,18,Los Angeles,Regular,5/01/2023,926,24/03/2025,949.32,1,0.2,Sneakers,Electronics,1186.65
143,Tom,Lee,18,Los Angeles,Regular,5/01/2023,319,13/01/2025,683.95,1,0,Tablet,Electronics,683.95
144,Alice,Kyle,36,Chicago,Regular,12/04/2023,1349,15/03/2025,629.38,1,0.1,Backpack,Clothing,699.31
145,Mike,Smith,37,New York,Regular,8/08/2023,2159,21/01/2025,2125.3,2,0,Monitor,Clothing,1062.65
145,Mike,Smith,37,New York,Regular,8/08/2023,1485,31/01/2025,1093.48,1,0,Tablet,Clothing,1093.48
145,Mike,Smith,37,New York,Regular,8/08/2023,1425,11/02/2025,2617.92,2,0,Monitor,Electronics,1308.96
145,Mike,Smith,37,New York,Regular,8/08/2023,736,27/02/2025,1012.9,4,0.1,Dress,Electronics,281.36
145,Mike,Smith,37,New York,Regular,8/08/2023,394,18/02/2025,5332.5,5,0,Smartphone,Clothing,1066.5
145,Mike,Smith,37,New York,Regular,8/08/2023,295,5/03/2025,1343.28,1,0,Smartphone,Clothing,1343.28
146,Bob,Smith,42,chicago,Regular,31/05/2024,1431,19/01/2025,881.09,1,0.1,Headphones,Clothing,978.99
146,Bob,Smith,42,chicago,Regular,31/05/2024,183,11/02/2025,1093.48,1,0,Tablet,Clothing,1093.48
148,Harry,Doe,21,chicago,Silver,1/05/2024,2429,7/02/2025,1204.57,1,0,Belt,Clothing,1204.57
148,Harry,Doe,21,chicago,Silver,1/05/2024,2073,8/02/2025,787.9,2,0,Monitor,Clothing,393.95
148,Harry,Doe,21,chicago,Silver,1/05/2024,1494,21/01/2025,1101.68,1,0.1,Dress,Clothing,1224.09
148,Harry,Doe,21,chicago,Silver,1/05/2024,657,28/01/2025,3825.54,4,0.1,Monitor,Clothing,1062.65
149,Jane,Clark,40,chicago,Silver,11/01/2024,2110,12/01/2025,643.99,1,0,Dress,Clothing,643.99
149,Jane,Clark,40,chicago,Silver,11/01/2024,1964,25/02/2025,1100.07,1,0,Laptop,Clothing,1100.07
80,Bob,Kyle,37,New York,Regular,15/12/2024,2184,16/03/2025,1367.9,2,0,Tablet,Electronics,683.95
80,Bob,Kyle,37,New York,Regular,15/12/2024,838,30/03/2025,228.24,4,0,Laptop,Clothing,57.06
151,Tom,Clark,37,Houston,Silver,26/08/2024,2427,23/01/2025,881.09,1,0.1,Headphones,Clothing,978.99
151,Tom,Clark,37,Houston,Silver,26/08/2024,2267,4/02/2025,1982.94,2,0,Keyboard,Accessories,991.47
151,Tom,Clark,37,Houston,Silver,26/08/2024,2096,30/03/2025,1303.73,1,0,Mouse,Accessories,1303.73
152,Harry,Lee,38,Miami,Silver,9/07/2023,2273,10/02/2025,1066.5,1,0,Smartphone,Clothing,1066.5
152,Harry,Lee,38,Miami,Silver,9/07/2023,1098,15/03/2025,1066.5,1,0,Smartphone,Clothing,1066.5
152,Harry,Lee,38,Miami,Silver,9/07/2023,171,20/03/2025,1093.48,1,0,Tablet,Clothing,1093.48
152,Harry,Lee,38,Miami,Silver,9/07/2023,129,14/02/2025,302.97,1,0.1,Shirt,Electronics,336.63
153,Wendy,Kyle,28,New York,Silver,26/03/2024,2620,19/02/2025,1171.23,1,0.2,Shirt,Electronics,1464.04
153,Wendy,Kyle,28,New York,Silver,26/03/2024,2300,14/03/2025,225.09,1,0.2,Dress,Electronics,281.36
153,Wendy,Kyle,28,New York,Silver,26/03/2024,1830,27/03/2025,105.82,1,0.1,Keyboard,Clothing,117.58
153,Wendy,Kyle,28,New York,Silver,26/03/2024,1167,2/03/2025,4029.84,3,0,Smartphone,Clothing,1343.28
154,Alan,Johnson,37,New York,Regular,20/11/2024,2806,1/03/2025,307.32,1,0,Dress,Accessories,307.32
154,Alan,Johnson,37,New York,Regular,20/11/2024,2520,20/01/2025,958.28,1,0,Jeans,Accessories,958.28
154,Alan,Johnson,37,New York,Regular,20/11/2024,1773,3/02/2025,1317.64,1,0.1,Shirt,Electronics,1464.04
154,Alan,Johnson,37,New York,Regular,20/11/2024,1624,10/02/2025,1969.75,5,0,Monitor,Clothing,393.95
154,Alan,Johnson,37,New York,Regular,20/11/2024,1004,20/01/2025,263.26,2,0,Jeans,Clothing,131.63
154,Alan,Johnson,37,New York,Regular,20/11/2024,873,20/02/2025,837.49,1,0,Sneakers,Clothing,837.49
154,Alan,Johnson,37,New York,Regular,20/11/2024,313,19/03/2025,378.18,1,0,Shirt,Electronics,378.18
155,Jane,Taylor,37,Chicago,Gold,20/04/2023,2059,27/02/2025,880.06,1,0.2,Laptop,Clothing,1100.07
155,Jane,Taylor,37,Chicago,Gold,20/04/2023,1177,15/03/2025,3009.24,4,0,Shirt,Electronics,752.31
157,Wendy,Smith,53,Houston,Regular,30/12/2023,2210,23/02/2025,1038.2,4,0,Belt,Clothing,259.55
158,Wendy,Wilson,39,chicago,Regular,24/01/2024,907,19/01/2025,673.26,2,0,Shirt,Electronics,336.63
158,Wendy,Wilson,39,chicago,Regular,24/01/2024,149,14/03/2025,1023.94,2,0,Jeans,Electronics,511.97
159,John,Kyle,23,Miami,Silver,10/03/2024,2613,14/03/2025,1927.31,2,0.2,Belt,Clothing,1204.57
159,John,Kyle,23,Miami,Silver,10/03/2024,2350,20/02/2025,991.47,1,0,Keyboard,Accessories,991.47
159,John,Kyle,23,Miami,Silver,10/03/2024,114,9/01/2025,837.49,1,0,Sneakers,Clothing,837.49
161,Jane,Monta,25,New York,Regular,10/06/2024,2410,26/03/2025,753.74,1,0.1,Sneakers,Clothing,837.49
161,Jane,Monta,25,New York,Regular,10/06/2024,1948,14/02/2025,281.36,1,0,Dress,Electronics,281.36
161,Jane,Monta,25,New York,Regular,10/06/2024,1798,28/01/2025,752.31,1,0,Shirt,Electronics,752.31
161,Jane,Monta,25,New York,Regular,10/06/2024,1371,2/02/2025,2924.88,2,0,Hat,Electronics,1462.44
161,Jane,Monta,25,New York,Regular,10/06/2024,235,22/03/2025,709.11,2,0.1,Monitor,Clothing,393.95
162,Jane,Clark,42,Miami,Regular,22/08/2023,2313,11/02/2025,2133,2,0,Smartphone,Clothing,1066.5
162,Jane,Clark,42,Miami,Regular,22/08/2023,2282,28/01/2025,1116.63,1,0,Laptop,Electronics,1116.63
162,Jane,Clark,42,Miami,Regular,22/08/2023,1787,24/01/2025,1009.89,3,0,Shirt,Electronics,336.63
162,Jane,Clark,42,Miami,Regular,22/08/2023,1568,8/01/2025,1464.04,1,0,Shirt,Electronics,1464.04
163,Mikayla,Wilson,46,New York,Silver,22/02/2024,2022,22/02/2025,7024.8,5,0,Sneakers,Clothing,1404.96
163,Mikayla,Wilson,46,New York,Silver,22/02/2024,683,17/03/2025,1668.11,3,0.3,Sneakers,Clothing,794.34
164,Tom,Doe,26,Chicago,Silver,26/04/2023,2057,9/01/2025,991.47,1,0,Keyboard,Accessories,991.47
164,Tom,Doe,26,Chicago,Silver,26/04/2023,1481,3/03/2025,3911.19,3,0,Mouse,Accessories,1303.73
165,Harry,Smith,44,chicago,Regular,18/11/2023,2817,7/02/2025,614.64,2,0,Dress,Accessories,307.32
165,Harry,Smith,44,chicago,Regular,18/11/2023,2405,5/02/2025,978.99,1,0,Headphones,Clothing,978.99
165,Harry,Smith,44,chicago,Regular,18/11/2023,2227,1/02/2025,1224.09,1,0,Dress,Clothing,1224.09
165,Harry,Smith,44,chicago,Regular,18/11/2023,582,25/01/2025,4019.87,4,0.1,Laptop,Electronics,1116.63
165,Harry,Smith,44,chicago,Regular,18/11/2023,190,13/03/2025,99.92,1,0,Laptop,Accessories,99.92
166,Jane,Doe,39,Los Angeles,Regular,7/05/2023,1941,26/03/2025,57.06,1,0,Laptop,Clothing,57.06
166,Jane,Doe,39,Los Angeles,Regular,7/05/2023,1699,21/01/2025,1066.5,1,0,Smartphone,Clothing,1066.5
167,Wendy,Kyle,43,Houston,Regular,22/04/2024,2446,10/03/2025,1171.23,1,0.2,Shirt,Electronics,1464.04
167,Wendy,Kyle,43,Houston,Regular,22/04/2024,1276,10/02/2025,307.32,1,0,Dress,Accessories,307.32
168,Mikayla,Taylor,53,New York,Silver,23/04/2023,2661,2/02/2025,2607.46,2,0,Mouse,Accessories,1303.73
168,Mikayla,Taylor,53,New York,Silver,23/04/2023,1154,2/03/2025,179.86,2,0.1,Laptop,Accessories,99.92
168,Mikayla,Taylor,53,New York,Silver,23/04/2023,1036,27/02/2025,3971.7,5,0,Sneakers,Clothing,794.34
168,Mikayla,Taylor,53,New York,Silver,23/04/2023,1035,28/02/2025,2149.25,2,0.2,Smartphone,Clothing,1343.28
169,Sarah,Kyle,32,New York,Silver,16/06/2024,1360,20/02/2025,2989.08,2,0,Hat,Electronics,1494.54
169,Sarah,Kyle,32,New York,Silver,16/06/2024,393,24/01/2025,2615.48,2,0,Monitor,Clothing,1307.74
170,Alice,Clark,27,Los Angeles,Gold,20/05/2023,2081,6/01/2025,1227.77,1,0,Smartphone,Electronics,1227.77
170,Alice,Clark,27,Los Angeles,Gold,20/05/2023,399,14/02/2025,159.87,2,0.2,Laptop,Accessories,99.92
171,Tom,Clark,26,Los Angeles,Regular,22/05/2024,2765,22/01/2025,1287.98,2,0,Dress,Clothing,643.99
171,Tom,Clark,26,Los Angeles,Regular,22/05/2024,2748,4/03/2025,307.32,1,0,Dress,Accessories,307.32
171,Tom,Clark,26,Los Angeles,Regular,22/05/2024,1657,20/03/2025,1641.48,3,0.2,Tablet,Electronics,683.95
171,Tom,Clark,26,Los Angeles,Regular,22/05/2024,1258,7/03/2025,1062.65,1,0,Monitor,Clothing,1062.65
171,Tom,Clark,26,Los Angeles,Regular,22/05/2024,995,31/01/2025,1093.48,1,0,Tablet,Clothing,1093.48
172,Jane,Johnson,26,Miami,Silver,5/01/2024,2707,24/01/2025,131.63,1,0,Jeans,Clothing,131.63
172,Jane,Johnson,26,Miami,Silver,5/01/2024,1960,28/03/2025,69.95,1,0.2,Mouse,Electronics,87.44
172,Jane,Johnson,26,Miami,Silver,5/01/2024,1066,14/01/2025,4029.84,3,0,Smartphone,Clothing,1343.28
172,Jane,Johnson,26,Miami,Silver,5/01/2024,904,20/03/2025,1462.44,1,0,Hat,Electronics,1462.44
173,Alice,Wilson,34,New York,Silver,22/12/2024,2639,21/01/2025,2928.08,2,0,Shirt,Electronics,1464.04
174,Emily,Clark,38,Los Angeles,Silver,23/10/2023,2538,16/01/2025,1504.62,2,0,Shirt,Electronics,752.31
174,Emily,Clark,38,Los Angeles,Silver,23/10/2023,1048,1/02/2025,78.7,1,0.1,Mouse,Electronics,87.44
175,Alan,Kyle,37,Los Angeles,Silver,24/07/2024,711,15/02/2025,233.6,1,0.1,Belt,Clothing,259.55
177,David,Taylor,35,Miami,Regular,26/03/2023,2469,26/01/2025,114.12,2,0,Laptop,Clothing,57.06
177,David,Taylor,35,Miami,Regular,26/03/2023,1989,27/01/2025,87.44,1,0,Mouse,Electronics,87.44
177,David,Taylor,35,Miami,Regular,26/03/2023,1144,21/01/2025,1224.09,1,0,Dress,Clothing,1224.09
178,Jane,Johnson,49,chicago,Regular,2/12/2023,2023,30/03/2025,978.99,1,0,Headphones,Clothing,978.99
178,Jane,Johnson,49,chicago,Regular,2/12/2023,505,2/03/2025,2607.46,2,0,Mouse,Accessories,1303.73
179,Sarah,Smith,32,New York,Regular,20/05/2024,2604,5/02/2025,968.93,1,0,Shirt,Accessories,968.93
179,Sarah,Smith,32,New York,Regular,20/05/2024,2092,19/02/2025,643.99,1,0,Dress,Clothing,643.99
179,Sarah,Smith,32,New York,Regular,20/05/2024,716,17/03/2025,2125.3,2,0,Monitor,Clothing,1062.65
180,David,Taylor,62,Houston,Regular,29/04/2023,2671,24/01/2025,700.8,2,0,Smartphone,Clothing,350.4
180,David,Taylor,62,Houston,Regular,29/04/2023,2602,15/02/2025,787.9,2,0,Monitor,Clothing,393.95
180,David,Taylor,62,Houston,Regular,29/04/2023,2317,27/03/2025,837.49,1,0,Sneakers,Clothing,837.49
180,David,Taylor,62,Houston,Regular,29/04/2023,1562,27/02/2025,393.95,1,0,Monitor,Clothing,393.95
180,David,Taylor,62,Houston,Regular,29/04/2023,1501,20/03/2025,2686.56,2,0,Smartphone,Clothing,1343.28
180,David,Taylor,62,Houston,Regular,29/04/2023,1455,4/02/2025,336.63,1,0,Shirt,Electronics,336.63
180,David,Taylor,62,Houston,Regular,29/04/2023,801,15/03/2025,2809.92,2,0,Sneakers,Clothing,1404.96
180,David,Taylor,62,Houston,Regular,29/04/2023,373,21/02/2025,340.36,1,0.1,Shirt,Electronics,378.18
181,Mikayla,Taylor,41,New York,Regular,30/01/2024,1560,4/02/2025,1307.74,1,0,Monitor,Clothing,1307.74
182,Mike,Taylor,26,Chicago,Silver,18/10/2023,2123,9/02/2025,2125.3,2,0,Monitor,Clothing,1062.65
182,Mike,Taylor,26,Chicago,Silver,18/10/2023,2014,12/03/2025,1494.54,1,0,Hat,Electronics,1494.54
182,Mike,Taylor,26,Chicago,Silver,18/10/2023,1843,26/02/2025,990.88,4,0,Keyboard,Clothing,247.72
182,Mike,Taylor,26,Chicago,Silver,18/10/2023,1536,22/03/2025,1081.61,1,0,Jacket,Accessories,1081.61
182,Mike,Taylor,26,Chicago,Silver,18/10/2023,1262,13/02/2025,673.26,2,0,Shirt,Electronics,336.63
183,Sarah,Doe,24,Chicago,Silver,12/04/2024,2185,5/03/2025,2163.22,2,0,Jacket,Accessories,1081.61
183,Sarah,Doe,24,Chicago,Silver,12/04/2024,1782,25/03/2025,968.93,1,0,Shirt,Accessories,968.93
183,Sarah,Doe,24,Chicago,Silver,12/04/2024,1268,4/03/2025,1392.61,3,0.1,Hat,Accessories,515.78
184,Wendy,Jones,39,chicago,Regular,6/09/2024,2218,9/01/2025,87.44,1,0,Mouse,Electronics,87.44
184,Wendy,Jones,39,chicago,Regular,6/09/2024,1681,11/01/2025,51.35,1,0.1,Laptop,Clothing,57.06
184,Wendy,Jones,39,chicago,Regular,6/09/2024,950,19/01/2025,171.18,3,0,Laptop,Clothing,57.06
185,Alice,Jones,32,Houston,Regular,16/11/2023,1947,23/03/2025,336.63,1,0,Shirt,Electronics,336.63
185,Alice,Jones,32,Houston,Regular,16/11/2023,1878,28/02/2025,1832.54,2,0.3,Monitor,Electronics,1308.96
185,Alice,Jones,32,Houston,Regular,16/11/2023,1545,14/03/2025,756.36,2,0,Shirt,Electronics,378.18
185,Alice,Jones,32,Houston,Regular,16/11/2023,698,15/01/2025,2233.26,2,0,Laptop,Electronics,1116.63
186,Harry,Doe,42,Los Angeles,Silver,4/12/2024,2015,20/02/2025,99.92,1,0,Laptop,Accessories,99.92
186,Harry,Doe,42,Los Angeles,Silver,4/12/2024,1266,12/03/2025,276.59,1,0.1,Dress,Accessories,307.32
187,Bob,Brown,39,Los Angeles,Silver,30/03/2024,1767,26/01/2025,709.11,2,0.1,Monitor,Clothing,393.95
187,Bob,Brown,39,Los Angeles,Silver,30/03/2024,895,30/01/2025,131.63,1,0,Jeans,Clothing,131.63
188,Mikayla,Monta,34,chicago,Regular,20/08/2023,2815,23/03/2025,551.53,2,0.3,Monitor,Clothing,393.95
188,Mikayla,Monta,34,chicago,Regular,20/08/2023,2797,1/02/2025,331.62,2,0,Monitor,Accessories,165.81
188,Mikayla,Monta,34,chicago,Regular,20/08/2023,1326,25/01/2025,614.64,2,0,Dress,Accessories,307.32
188,Mikayla,Monta,34,chicago,Regular,20/08/2023,850,30/03/2025,699.31,1,0,Backpack,Clothing,699.31
190,Mikayla,Jones,19,Los Angeles,Silver,22/02/2024,1793,26/01/2025,89.93,1,0.1,Laptop,Accessories,99.92
190,Mikayla,Jones,19,Los Angeles,Silver,22/02/2024,1178,24/01/2025,1100.07,1,0,Laptop,Clothing,1100.07
190,Mikayla,Jones,19,Los Angeles,Silver,22/02/2024,1041,13/02/2025,683.95,1,0,Tablet,Electronics,683.95
190,Mikayla,Jones,19,Los Angeles,Silver,22/02/2024,747,4/03/2025,1588.68,2,0,Sneakers,Clothing,794.34
190,Mikayla,Jones,19,Los Angeles,Silver,22/02/2024,368,27/01/2025,787.9,2,0,Monitor,Clothing,393.95
191,Bob,Monta,30,New York,Regular,25/10/2023,1902,23/01/2025,3496.55,5,0,Backpack,Clothing,699.31
192,Wendy,Wilson,43,Miami,Regular,14/03/2024,2749,28/03/2025,1406.8,5,0,Dress,Electronics,281.36
192,Wendy,Wilson,43,Miami,Regular,14/03/2024,1913,4/02/2025,511.97,1,0,Jeans,Electronics,511.97
192,Wendy,Wilson,43,Miami,Regular,14/03/2024,739,22/03/2025,991.47,1,0,Keyboard,Accessories,991.47
192,Wendy,Wilson,43,Miami,Regular,14/03/2024,547,4/03/2025,307.32,1,0,Dress,Accessories,307.32
193,Harry,Monta,37,Los Angeles,Regular,13/07/2023,2616,31/03/2025,1101.68,1,0.1,Dress,Clothing,1224.09
193,Harry,Monta,37,Los Angeles,Regular,13/07/2023,2530,20/03/2025,1042.98,1,0.2,Mouse,Accessories,1303.73
193,Harry,Monta,37,Los Angeles,Regular,13/07/2023,1618,22/03/2025,232.87,2,0.1,Shirt,Clothing,129.37
193,Harry,Monta,37,Los Angeles,Regular,13/07/2023,1130,21/03/2025,973.45,1,0.1,Jacket,Accessories,1081.61
193,Harry,Monta,37,Los Angeles,Regular,13/07/2023,1029,22/03/2025,1062.65,1,0,Monitor,Clothing,1062.65
193,Harry,Monta,37,Los Angeles,Regular,13/07/2023,635,17/02/2025,3875.72,4,0,Shirt,Accessories,968.93
193,Harry,Monta,37,Los Angeles,Regular,13/07/2023,363,28/02/2025,1066.5,1,0,Smartphone,Clothing,1066.5
194,Mike,Brown,22,New York,Silver,13/03/2023,2638,3/03/2025,1063.66,3,0.1,Monitor,Clothing,393.95
194,Mike,Brown,22,New York,Silver,13/03/2023,640,2/01/2025,1683.15,5,0,Shirt,Electronics,336.63
195,Mike,Doe,36,Houston,Regular,2/05/2024,2257,31/03/2025,4957.35,5,0,Keyboard,Accessories,991.47
195,Mike,Doe,36,Houston,Regular,2/05/2024,2230,4/01/2025,1398.62,2,0,Backpack,Clothing,699.31
195,Mike,Doe,36,Houston,Regular,2/05/2024,1195,20/01/2025,837.49,1,0,Sneakers,Clothing,837.49
195,Mike,Doe,36,Houston,Regular,2/05/2024,705,19/01/2025,3915.96,4,0,Headphones,Clothing,978.99
195,Mike,Doe,36,Houston,Regular,2/05/2024,573,15/02/2025,990.06,1,0.1,Laptop,Clothing,1100.07
196,Jane,Doe,38,chicago,Gold,26/11/2024,2498,27/01/2025,2617.92,2,0,Monitor,Electronics,1308.96
196,Jane,Doe,38,chicago,Gold,26/11/2024,1471,25/02/2025,258.74,2,0,Shirt,Clothing,129.37
196,Jane,Doe,38,chicago,Gold,26/11/2024,1348,11/03/2025,103.5,1,0.2,Shirt,Clothing,129.37
196,Jane,Doe,38,chicago,Gold,26/11/2024,669,6/03/2025,1307.74,1,0,Monitor,Clothing,1307.74
197,John,Lee,26,Los Angeles,Regular,12/01/2024,815,23/01/2025,1343.28,1,0,Smartphone,Clothing,1343.28
197,John,Lee,26,Los Angeles,Regular,12/01/2024,528,3/01/2025,1067.99,1,0.1,Sneakers,Electronics,1186.65
198,John,Clark,36,chicago,Regular,3/07/2023,2701,1/03/2025,5117.7,5,0,Jacket,Accessories,1023.54
198,John,Clark,36,chicago,Regular,3/07/2023,710,6/01/2025,515.78,1,0,Hat,Accessories,515.78
198,John,Clark,36,chicago,Regular,3/07/2023,222,27/01/2025,6716.4,5,0,Smartphone,Clothing,1343.28
199,Mikayla,Johnson,35,Los Angeles,Silver,14/01/2023,1838,7/01/2025,1227.77,1,0,Smartphone,Electronics,1227.77
199,Mikayla,Johnson,35,Los Angeles,Silver,14/01/2023,1799,17/03/2025,5270.54,4,0.1,Shirt,Electronics,1464.04
199,Mikayla,Johnson,35,Los Angeles,Silver,14/01/2023,1792,27/01/2025,515.78,1,0,Hat,Accessories,515.78
199,Mikayla,Johnson,35,Los Angeles,Silver,14/01/2023,1261,1/04/2025,1081.61,1,0,Jacket,Accessories,1081.61
200,Lisa,Monta,23,Houston,Regular,21/11/2024,2365,17/03/2025,117.58,1,0,Keyboard,Clothing,117.58
200,Lisa,Monta,23,Houston,Regular,21/11/2024,103,2/02/2025,3923.22,3,0,Monitor,Clothing,1307.74
201,Mikayla,Monta,38,chicago,Silver,18/05/2024,814,12/02/2025,1969.75,5,0,Monitor,Clothing,393.95
201,Mikayla,Monta,38,chicago,Silver,18/05/2024,670,20/01/2025,3926.88,3,0,Monitor,Electronics,1308.96
202,Lisa,Doe,40,New York,Regular,19/11/2024,1910,6/02/2025,683.95,1,0,Tablet,Electronics,683.95
203,Mikayla,Wilson,45,Los Angeles,Silver,18/04/2023,2053,27/01/2025,1343.28,1,0,Smartphone,Clothing,1343.28
203,Mikayla,Wilson,45,Los Angeles,Silver,18/04/2023,411,6/03/2025,614.64,2,0,Dress,Accessories,307.32
204,Lisa,Johnson,45,Los Angeles,Regular,10/02/2024,2552,31/01/2025,464.27,4,0.3,Monitor,Accessories,165.81
204,Lisa,Johnson,45,Los Angeles,Regular,10/02/2024,779,10/03/2025,1066.5,1,0,Smartphone,Clothing,1066.5
204,Lisa,Johnson,45,Los Angeles,Regular,10/02/2024,435,18/01/2025,1307.74,1,0,Monitor,Clothing,1307.74
206,Sarah,Clark,25,Los Angeles,Silver,19/06/2024,2790,19/01/2025,1968.26,2,0.1,Tablet,Clothing,1093.48
206,Sarah,Clark,25,Los Angeles,Silver,19/06/2024,915,10/02/2025,247.72,1,0,Keyboard,Clothing,247.72
206,Sarah,Clark,25,Los Angeles,Silver,19/06/2024,697,27/02/2025,265.3,2,0.2,Monitor,Accessories,165.81
206,Sarah,Clark,25,Los Angeles,Silver,19/06/2024,214,29/01/2025,825.91,1,0,Laptop,Clothing,825.91
207,Jane,Jones,40,Los Angeles,Regular,5/11/2024,1567,16/02/2025,1533.25,2,0.2,Jeans,Accessories,958.28
209,Mikayla,Jones,40,New York,Regular,29/03/2023,2799,3/01/2025,699.31,1,0,Backpack,Clothing,699.31
209,Mikayla,Jones,40,New York,Regular,29/03/2023,2297,3/03/2025,1316.2,1,0.1,Hat,Electronics,1462.44
210,Tom,Jones,73,New York,Regular,3/05/2023,1591,16/01/2025,50.1,1,0.1,Sunglasses,Clothing,55.67
210,Tom,Jones,73,New York,Regular,3/05/2023,853,31/03/2025,1937.86,2,0,Shirt,Accessories,968.93
210,Tom,Jones,73,New York,Regular,3/05/2023,757,29/03/2025,743.32,1,0.1,Laptop,Clothing,825.91
210,Tom,Jones,73,New York,Regular,3/05/2023,527,22/01/2025,4187.45,5,0,Sneakers,Clothing,837.49
210,Tom,Jones,73,New York,Regular,3/05/2023,109,13/01/2025,872.04,1,0.1,Shirt,Accessories,968.93
211,Tom,Lee,40,New York,Regular,27/05/2023,1893,20/02/2025,3280.44,3,0,Tablet,Clothing,1093.48
211,Tom,Lee,40,New York,Regular,27/05/2023,1449,28/01/2025,2847.96,3,0.2,Sneakers,Electronics,1186.65
212,Sarah,Lee,46,Miami,Regular,9/02/2024,2215,13/03/2025,2047.08,2,0,Jacket,Accessories,1023.54
212,Sarah,Lee,46,Miami,Regular,9/02/2024,1874,2/01/2025,1957.98,2,0,Headphones,Clothing,978.99
212,Sarah,Lee,46,Miami,Regular,9/02/2024,1365,22/02/2025,55.67,1,0,Sunglasses,Clothing,55.67
213,Tom,Lee,44,chicago,Regular,15/02/2024,302,1/04/2025,2879.55,3,0.1,Smartphone,Clothing,1066.5
214,Mike,Monta,41,New York,Silver,12/12/2024,1749,16/03/2025,669.99,1,0.2,Sneakers,Clothing,837.49
214,Mike,Monta,41,New York,Silver,12/12/2024,1046,9/03/2025,793.18,1,0.2,Keyboard,Accessories,991.47
217,Lisa,Taylor,27,New York,Regular,22/06/2023,2795,8/02/2025,307.32,1,0,Dress,Accessories,307.32
217,Lisa,Taylor,27,New York,Regular,22/06/2023,2623,16/02/2025,1651.82,2,0,Laptop,Clothing,825.91
217,Lisa,Taylor,27,New York,Regular,22/06/2023,1600,24/02/2025,978.99,1,0,Headphones,Clothing,978.99
217,Lisa,Taylor,27,New York,Regular,22/06/2023,1009,19/01/2025,114.12,2,0,Laptop,Clothing,57.06
217,Lisa,Taylor,27,New York,Regular,22/06/2023,1006,10/03/2025,968.93,1,0,Shirt,Accessories,968.93
218,Wendy,Johnson,32,New York,Regular,8/03/2023,1949,22/02/2025,2094.34,2,0.2,Monitor,Electronics,1308.96
218,Wendy,Johnson,32,New York,Regular,8/03/2023,1752,22/01/2025,1227.77,1,0,Smartphone,Electronics,1227.77
218,Wendy,Johnson,32,New York,Regular,8/03/2023,962,22/01/2025,663.24,5,0.2,Monitor,Accessories,165.81
219,Emily,Brown,30,New York,Silver,8/01/2024,2809,1/03/2025,519.1,2,0,Belt,Clothing,259.55
219,Emily,Brown,30,New York,Silver,8/01/2024,2442,3/03/2025,683.95,1,0,Tablet,Electronics,683.95
219,Emily,Brown,30,New York,Silver,8/01/2024,2217,24/02/2025,1633.06,2,0,Jacket,Clothing,816.53
219,Emily,Brown,30,New York,Silver,8/01/2024,1486,8/03/2025,825.91,1,0,Laptop,Clothing,825.91
219,Emily,Brown,30,New York,Silver,8/01/2024,1058,22/02/2025,336.63,1,0,Shirt,Electronics,336.63
220,David,Kyle,35,Los Angeles,Silver,23/07/2023,2625,3/01/2025,281.36,1,0,Dress,Electronics,281.36
220,David,Kyle,35,Los Angeles,Silver,23/07/2023,1987,15/03/2025,958.28,1,0,Jeans,Accessories,958.28
220,David,Kyle,35,Los Angeles,Silver,23/07/2023,778,15/02/2025,336.63,1,0,Shirt,Electronics,336.63
220,David,Kyle,35,Los Angeles,Silver,23/07/2023,687,5/03/2025,515.78,1,0,Hat,Accessories,515.78
221,Mikayla,Kyle,58,New York,Regular,13/12/2023,2003,12/03/2025,1118.9,2,0.2,Backpack,Clothing,699.31
221,Mikayla,Kyle,58,New York,Regular,13/12/2023,1957,19/01/2025,378.18,1,0,Shirt,Electronics,378.18
221,Mikayla,Kyle,58,New York,Regular,13/12/2023,1375,1/01/2025,2615.48,2,0,Monitor,Clothing,1307.74
221,Mikayla,Kyle,58,New York,Regular,13/12/2023,1031,27/01/2025,6544.8,5,0,Monitor,Electronics,1308.96
222,Mikayla,Clark,16,New York,Regular,25/07/2023,512,31/03/2025,1317.64,1,0.1,Shirt,Electronics,1464.04
223,Alice,Monta,41,Los Angeles,Silver,1/09/2024,2495,13/01/2025,1749.57,2,0.2,Tablet,Clothing,1093.48
223,Alice,Monta,41,Los Angeles,Silver,1/09/2024,1421,15/02/2025,1762.18,2,0.1,Headphones,Clothing,978.99
224,Wendy,Jones,18,Los Angeles,Regular,18/02/2024,2509,25/02/2025,1404.96,1,0,Sneakers,Clothing,1404.96
224,Wendy,Jones,18,Los Angeles,Regular,18/02/2024,1398,31/03/2025,1204.57,1,0,Belt,Clothing,1204.57
224,Wendy,Jones,18,Los Angeles,Regular,18/02/2024,689,19/03/2025,968.93,1,0,Shirt,Accessories,968.93
225,Alan,Kyle,30,Los Angeles,Silver,6/05/2023,568,17/03/2025,354.56,1,0.1,Monitor,Clothing,393.95
225,Alan,Kyle,30,Los Angeles,Silver,6/05/2023,122,30/01/2025,1081.61,1,0,Jacket,Accessories,1081.61
226,Sarah,Kyle,45,Chicago,Silver,27/08/2023,2782,4/01/2025,253.22,1,0.1,Dress,Electronics,281.36
226,Sarah,Kyle,45,Chicago,Silver,27/08/2023,2075,21/03/2025,103.5,1,0.2,Shirt,Clothing,129.37
226,Sarah,Kyle,45,Chicago,Silver,27/08/2023,1733,31/03/2025,302.97,1,0.1,Shirt,Electronics,336.63
226,Sarah,Kyle,45,Chicago,Silver,27/08/2023,1639,16/01/2025,1303.73,1,0,Mouse,Accessories,1303.73
227,Alice,Monta,35,Chicago,Gold,10/03/2024,1778,27/02/2025,2233.26,2,0,Laptop,Electronics,1116.63
227,Alice,Monta,35,Chicago,Gold,10/03/2024,840,23/02/2025,57.06,1,0,Laptop,Clothing,57.06
228,Alice,Wilson,24,Houston,Silver,26/05/2024,544,2/02/2025,1062.65,1,0,Monitor,Clothing,1062.65
229,Alan,Kyle,27,Miami,Regular,13/10/2023,174,5/02/2025,669.99,1,0.2,Sneakers,Clothing,837.49
230,Jane,Lee,41,Houston,Regular,31/12/2024,1847,13/01/2025,91.3,2,0.2,Laptop,Clothing,57.06
231,John,Jones,27,New York,Regular,18/08/2024,690,20/01/2025,2763.56,3,0.1,Jacket,Accessories,1023.54
232,Lisa,Taylor,37,Los Angeles,Regular,30/08/2024,2009,12/02/2025,1066.5,1,0,Smartphone,Clothing,1066.5
232,Lisa,Taylor,37,Los Angeles,Regular,30/08/2024,1859,3/01/2025,1009.89,3,0,Shirt,Electronics,336.63
233,Tom,Wilson,35,New York,Regular,7/10/2023,1088,19/02/2025,794.34,1,0,Sneakers,Clothing,794.34
233,Tom,Wilson,35,New York,Regular,7/10/2023,1085,4/01/2025,1957.98,2,0,Headphones,Clothing,978.99
233,Tom,Wilson,35,New York,Regular,7/10/2023,348,13/01/2025,2133,2,0,Smartphone,Clothing,1066.5
234,Tom,Doe,28,Miami,Regular,21/10/2024,899,11/01/2025,2928.08,2,0,Shirt,Electronics,1464.04
234,Tom,Doe,28,Miami,Regular,21/10/2024,802,23/03/2025,1116.63,1,0,Laptop,Electronics,1116.63
234,Tom,Doe,28,Miami,Regular,21/10/2024,622,23/03/2025,412.62,1,0.2,Hat,Accessories,515.78
234,Tom,Doe,28,Miami,Regular,21/10/2024,423,26/01/2025,281.36,1,0,Dress,Electronics,281.36
235,Tom,Jones,56,Los Angeles,Regular,14/02/2024,521,21/03/2025,1123.97,1,0.2,Sneakers,Clothing,1404.96
236,Harry,Monta,41,Houston,Silver,31/12/2023,2146,19/02/2025,683.95,1,0,Tablet,Electronics,683.95
237,John,Lee,14,Los Angeles,Regular,2/05/2024,1820,11/02/2025,1404.96,1,0,Sneakers,Clothing,1404.96
237,John,Lee,14,Los Angeles,Regular,2/05/2024,1138,7/02/2025,978.99,1,0,Headphones,Clothing,978.99
238,Lisa,Smith,36,Houston,Regular,13/11/2024,1594,25/01/2025,412.62,1,0.2,Hat,Accessories,515.78
239,Emily,Lee,28,New York,Gold,9/09/2024,1962,22/02/2025,3926.88,3,0,Monitor,Electronics,1308.96
239,Emily,Lee,28,New York,Gold,9/09/2024,1024,1/04/2025,3768.7,5,0.1,Sneakers,Clothing,837.49
239,Emily,Lee,28,New York,Gold,9/09/2024,593,13/01/2025,50.1,1,0.1,Sunglasses,Clothing,55.67
240,Harry,Taylor,43,Los Angeles,Regular,19/02/2024,2567,20/01/2025,78.7,1,0.1,Mouse,Electronics,87.44
240,Harry,Taylor,43,Los Angeles,Regular,19/02/2024,954,15/01/2025,1919.7,2,0.1,Smartphone,Clothing,1066.5
240,Harry,Taylor,43,Los Angeles,Regular,19/02/2024,692,13/02/2025,511.97,1,0,Jeans,Electronics,511.97
241,Mikayla,Johnson,27,Los Angeles,Gold,11/05/2024,1510,17/01/2025,259.55,1,0,Belt,Clothing,259.55
241,Mikayla,Johnson,27,Los Angeles,Gold,11/05/2024,1364,18/03/2025,1343.28,1,0,Smartphone,Clothing,1343.28
241,Mikayla,Johnson,27,Los Angeles,Gold,11/05/2024,727,10/03/2025,4791.4,5,0,Jeans,Accessories,958.28
242,Sarah,Wilson,33,Los Angeles,Regular,7/06/2024,2528,27/01/2025,2049.66,2,0.3,Shirt,Electronics,1464.04
242,Sarah,Wilson,33,Los Angeles,Regular,7/06/2024,2516,4/02/2025,1957.98,2,0,Headphones,Clothing,978.99
242,Sarah,Wilson,33,Los Angeles,Regular,7/06/2024,239,26/03/2025,1204.57,1,0,Belt,Clothing,1204.57
243,Alice,Clark,40,Miami,Gold,13/10/2023,2163,12/02/2025,2097.93,3,0,Backpack,Clothing,699.31
243,Alice,Clark,40,Miami,Gold,13/10/2023,1207,21/03/2025,165.81,1,0,Monitor,Accessories,165.81
243,Alice,Clark,40,Miami,Gold,13/10/2023,1116,11/01/2025,1367.9,2,0,Tablet,Electronics,683.95
243,Alice,Clark,40,Miami,Gold,13/10/2023,990,6/02/2025,1957.98,2,0,Headphones,Clothing,978.99
244,Emily,Johnson,43,Chicago,Regular,31/05/2023,647,14/03/2025,2163.22,2,0,Jacket,Accessories,1081.61
245,Sarah,Brown,22,Houston,Regular,10/04/2024,2345,19/01/2025,775.14,1,0.2,Shirt,Accessories,968.93
245,Sarah,Brown,22,Houston,Regular,10/04/2024,1721,10/02/2025,1674.98,2,0,Sneakers,Clothing,837.49
245,Sarah,Brown,22,Houston,Regular,10/04/2024,1143,20/01/2025,1588.68,2,0,Sneakers,Clothing,794.34
245,Sarah,Brown,22,Houston,Regular,10/04/2024,744,11/01/2025,1937.86,2,0,Shirt,Accessories,968.93
246,Lisa,Wilson,31,Chicago,Regular,21/04/2023,2571,3/01/2025,837.49,1,0,Sneakers,Clothing,837.49
246,Lisa,Wilson,31,Chicago,Regular,21/04/2023,2133,17/01/2025,1398.62,2,0,Backpack,Clothing,699.31
246,Lisa,Wilson,31,Chicago,Regular,21/04/2023,2028,28/02/2025,1062.65,1,0,Monitor,Clothing,1062.65
246,Lisa,Wilson,31,Chicago,Regular,21/04/2023,477,16/03/2025,1933.18,2,0.1,Dress,Clothing,1073.99
246,Lisa,Wilson,31,Chicago,Regular,21/04/2023,376,5/03/2025,787.9,2,0,Monitor,Clothing,393.95
246,Lisa,Wilson,31,Chicago,Regular,21/04/2023,162,13/01/2025,1181.85,3,0,Monitor,Clothing,393.95
247,Mikayla,Taylor,30,Los Angeles,Gold,6/05/2023,428,21/02/2025,4392.12,3,0,Shirt,Electronics,1464.04
248,Lisa,Doe,28,Houston,Regular,14/09/2023,1836,4/01/2025,1100.07,1,0,Laptop,Clothing,1100.07
248,Lisa,Doe,28,Houston,Regular,14/09/2023,1829,6/02/2025,2686.56,2,0,Smartphone,Clothing,1343.28
248,Lisa,Doe,28,Houston,Regular,14/09/2023,269,16/02/2025,131.63,1,0,Jeans,Clothing,131.63
249,Bob,Doe,52,New York,Regular,16/05/2024,2042,8/02/2025,699.31,1,0,Backpack,Clothing,699.31
249,Bob,Doe,52,New York,Regular,16/05/2024,1145,23/02/2025,1066.5,1,0,Smartphone,Clothing,1066.5
249,Bob,Doe,52,New York,Regular,16/05/2024,1120,12/02/2025,4188.67,4,0.2,Monitor,Electronics,1308.96
250,Harry,Brown,39,Houston,Regular,24/05/2024,1970,15/02/2025,349.76,5,0.2,Mouse,Electronics,87.44
250,Harry,Brown,39,Houston,Regular,24/05/2024,1832,10/01/2025,350.4,1,0,Smartphone,Clothing,350.4
250,Harry,Brown,39,Houston,Regular,24/05/2024,1743,16/03/2025,968.93,1,0,Shirt,Accessories,968.93
250,Harry,Brown,39,Houston,Regular,24/05/2024,1678,16/02/2025,2809.92,2,0,Sneakers,Clothing,1404.96
250,Harry,Brown,39,Houston,Regular,24/05/2024,945,19/03/2025,1227.77,1,0,Smartphone,Electronics,1227.77
250,Harry,Brown,39,Houston,Regular,24/05/2024,581,21/01/2025,1081.61,1,0,Jacket,Accessories,1081.61
251,Lisa,Brown,22,Houston,Regular,25/08/2023,591,12/02/2025,1227.77,1,0,Smartphone,Electronics,1227.77
253,Alice,Taylor,56,New York,Regular,18/05/2023,1915,27/03/2025,1494.54,1,0,Hat,Electronics,1494.54
253,Alice,Taylor,56,New York,Regular,18/05/2023,1232,26/03/2025,1084.11,1,0.1,Belt,Clothing,1204.57
253,Alice,Taylor,56,New York,Regular,18/05/2023,972,1/01/2025,1195.63,1,0.2,Hat,Electronics,1494.54
253,Alice,Taylor,56,New York,Regular,18/05/2023,552,28/01/2025,837.49,1,0,Sneakers,Clothing,837.49
255,Wendy,Taylor,19,Chicago,Silver,12/04/2023,1610,25/03/2025,1031.56,2,0,Hat,Accessories,515.78
255,Wendy,Taylor,19,Chicago,Silver,12/04/2023,1605,27/01/2025,614.64,2,0,Dress,Accessories,307.32
255,Wendy,Taylor,19,Chicago,Silver,12/04/2023,1217,4/01/2025,117.58,1,0,Keyboard,Clothing,117.58
258,Mike,Wilson,27,Chicago,Silver,25/05/2024,2319,20/02/2025,2356.13,2,0.1,Monitor,Electronics,1308.96
258,Mike,Wilson,27,Chicago,Silver,25/05/2024,1376,25/03/2025,1367.9,2,0,Tablet,Electronics,683.95
258,Mike,Wilson,27,Chicago,Silver,25/05/2024,1169,3/03/2025,807.91,3,0.2,Shirt,Electronics,336.63
258,Mike,Wilson,27,Chicago,Silver,25/05/2024,390,21/03/2025,1023.54,1,0,Jacket,Accessories,1023.54
258,Mike,Wilson,27,Chicago,Silver,25/05/2024,123,28/02/2025,615.56,1,0.1,Tablet,Electronics,683.95
260,Mike,Kyle,80,Los Angeles,Silver,28/01/2023,2756,24/03/2025,4035.26,3,0.1,Hat,Electronics,1494.54
260,Mike,Kyle,80,Los Angeles,Silver,28/01/2023,2399,9/02/2025,991.47,1,0,Keyboard,Accessories,991.47
260,Mike,Kyle,80,Los Angeles,Silver,28/01/2023,1270,4/02/2025,653.22,1,0.2,Jacket,Clothing,816.53
260,Mike,Kyle,80,Los Angeles,Silver,28/01/2023,542,5/02/2025,350.4,1,0,Smartphone,Clothing,350.4
262,Mikayla,Kyle,34,Los Angeles,Regular,27/01/2024,1214,7/03/2025,1081.61,1,0,Jacket,Accessories,1081.61
262,Mikayla,Kyle,34,Los Angeles,Regular,27/01/2024,474,22/02/2025,259.55,1,0,Belt,Clothing,259.55
263,Harry,Clark,2,Miami,Regular,11/09/2024,2339,4/01/2025,281.36,1,0,Dress,Electronics,281.36
264,Alan,Kyle,24,chicago,Regular,26/11/2024,2783,10/02/2025,2690.17,2,0.1,Hat,Electronics,1494.54
264,Alan,Kyle,24,chicago,Regular,26/11/2024,287,2/02/2025,307.32,1,0,Dress,Accessories,307.32
265,Sarah,Smith,32,Los Angeles,Regular,1/12/2023,2512,29/01/2025,825.91,1,0,Laptop,Clothing,825.91
266,Mike,Wilson,22,Los Angeles,Silver,6/06/2023,1802,1/03/2025,1116.63,1,0,Laptop,Electronics,1116.63
268,Alan,Johnson,20,chicago,Regular,28/09/2024,2628,27/02/2025,3219.95,5,0,Dress,Clothing,643.99
268,Alan,Johnson,20,chicago,Regular,28/09/2024,128,17/01/2025,984.13,1,0.1,Tablet,Clothing,1093.48
269,Sarah,Taylor,30,Los Angeles,Regular,30/09/2024,2004,27/03/2025,114.12,2,0,Laptop,Clothing,57.06
269,Sarah,Taylor,30,Los Angeles,Regular,30/09/2024,773,4/01/2025,677.08,1,0.1,Shirt,Electronics,752.31
270,Alan,Lee,36,Chicago,Gold,9/04/2023,2764,22/02/2025,794.34,1,0,Sneakers,Clothing,794.34
270,Alan,Lee,36,Chicago,Gold,9/04/2023,2389,6/02/2025,837.49,1,0,Sneakers,Clothing,837.49
270,Alan,Lee,36,Chicago,Gold,9/04/2023,2245,26/03/2025,55.67,1,0,Sunglasses,Clothing,55.67
270,Alan,Lee,36,Chicago,Gold,9/04/2023,1865,3/02/2025,1023.94,2,0,Jeans,Electronics,511.97
270,Alan,Lee,36,Chicago,Gold,9/04/2023,425,12/01/2025,393.95,1,0,Monitor,Clothing,393.95
271,David,Monta,49,Los Angeles,Silver,20/03/2023,1967,2/02/2025,562.72,2,0,Dress,Electronics,281.36
272,Harry,Doe,20,Los Angeles,Regular,7/11/2024,1946,11/02/2025,958.28,1,0,Jeans,Accessories,958.28
272,Harry,Doe,20,Los Angeles,Regular,7/11/2024,1149,22/02/2025,1398.62,2,0,Backpack,Clothing,699.31
274,Mikayla,Clark,35,Los Angeles,Silver,19/05/2024,1637,11/02/2025,643.99,1,0,Dress,Clothing,643.99
274,Mikayla,Clark,35,Los Angeles,Silver,19/05/2024,1533,25/01/2025,614.64,2,0,Dress,Accessories,307.32
274,Mikayla,Clark,35,Los Angeles,Silver,19/05/2024,956,9/01/2025,2448.18,2,0,Dress,Clothing,1224.09
275,Emily,Clark,25,Los Angeles,Regular,22/04/2024,2727,17/02/2025,2928.08,2,0,Shirt,Electronics,1464.04
275,Emily,Clark,25,Los Angeles,Regular,22/04/2024,2576,4/03/2025,1066.5,1,0,Smartphone,Clothing,1066.5
275,Emily,Clark,25,Los Angeles,Regular,22/04/2024,820,6/01/2025,6138.85,5,0,Smartphone,Electronics,1227.77
275,Emily,Clark,25,Los Angeles,Regular,22/04/2024,562,14/03/2025,1094.32,2,0.2,Tablet,Electronics,683.95
276,Tom,Wilson,39,Los Angeles,Regular,26/07/2023,1685,5/03/2025,517.48,4,0,Shirt,Clothing,129.37
276,Tom,Wilson,39,Los Angeles,Regular,26/07/2023,1522,30/03/2025,199.84,2,0,Laptop,Accessories,99.92
276,Tom,Wilson,39,Los Angeles,Regular,26/07/2023,924,1/03/2025,1464.04,1,0,Shirt,Electronics,1464.04
277,David,Lee,36,Los Angeles,Regular,28/10/2023,1279,3/01/2025,409.58,1,0.2,Jeans,Electronics,511.97
278,Mike,Wilson,28,New York,Silver,8/11/2024,2816,13/01/2025,958.28,1,0,Jeans,Accessories,958.28
278,Mike,Wilson,28,New York,Silver,8/11/2024,569,10/02/2025,1169.95,1,0.2,Hat,Electronics,1462.44
279,Alice,Jones,35,Houston,Regular,24/05/2024,2691,3/01/2025,1031.56,2,0,Hat,Accessories,515.78
279,Alice,Jones,35,Houston,Regular,24/05/2024,2372,15/03/2025,1116.63,1,0,Laptop,Electronics,1116.63
279,Alice,Jones,35,Houston,Regular,24/05/2024,2120,2/03/2025,276.59,1,0.1,Dress,Accessories,307.32
279,Alice,Jones,35,Houston,Regular,24/05/2024,1106,4/03/2025,2512.47,3,0,Sneakers,Clothing,837.49
280,Emily,Kyle,31,Miami,Regular,17/05/2024,1318,30/01/2025,1931.97,3,0,Dress,Clothing,643.99
280,Emily,Kyle,31,Miami,Regular,17/05/2024,467,3/03/2025,5373.12,4,0,Smartphone,Clothing,1343.28
280,Emily,Kyle,31,Miami,Regular,17/05/2024,209,17/03/2025,105.3,1,0.2,Jeans,Clothing,131.63
281,Alan,Brown,36,Chicago,Gold,31/05/2024,2314,20/02/2025,1186.65,1,0,Sneakers,Electronics,1186.65
281,Alan,Brown,36,Chicago,Gold,31/05/2024,1866,28/02/2025,460.77,1,0.1,Jeans,Electronics,511.97
281,Alan,Brown,36,Chicago,Gold,31/05/2024,524,17/03/2025,1404.96,1,0,Sneakers,Clothing,1404.96
282,Sarah,Clark,41,Houston,Regular,25/09/2023,2642,16/03/2025,2809.92,2,0,Sneakers,Clothing,1404.96
282,Sarah,Clark,41,Houston,Regular,25/09/2023,514,12/03/2025,2477.73,3,0,Laptop,Clothing,825.91
283,Sarah,Wilson,50,chicago,Silver,9/07/2024,2585,19/02/2025,1186.65,1,0,Sneakers,Electronics,1186.65
283,Sarah,Wilson,50,chicago,Silver,9/07/2024,2255,8/02/2025,2809.92,2,0,Sneakers,Clothing,1404.96
283,Sarah,Wilson,50,chicago,Silver,9/07/2024,2236,26/01/2025,958.28,1,0,Jeans,Accessories,958.28
284,Sarah,Taylor,22,Houston,Regular,18/12/2023,2510,31/01/2025,136.94,3,0.2,Laptop,Clothing,57.06
284,Sarah,Taylor,22,Houston,Regular,18/12/2023,2476,14/01/2025,1100.07,1,0,Laptop,Clothing,1100.07
284,Sarah,Taylor,22,Houston,Regular,18/12/2023,1469,5/03/2025,1354.16,2,0.1,Shirt,Electronics,752.31
284,Sarah,Taylor,22,Houston,Regular,18/12/2023,898,24/01/2025,259.55,1,0,Belt,Clothing,259.55
284,Sarah,Taylor,22,Houston,Regular,18/12/2023,230,16/01/2025,614.64,2,0,Dress,Accessories,307.32
285,Wendy,Wilson,56,New York,Regular,7/07/2024,2716,6/03/2025,753.74,1,0.1,Sneakers,Clothing,837.49
285,Wendy,Wilson,56,New York,Regular,7/07/2024,263,29/01/2025,643.99,1,0,Dress,Clothing,643.99
287,Lisa,Jones,33,Miami,Silver,19/01/2023,2194,19/03/2025,2047.88,4,0,Jeans,Electronics,511.97
288,Alice,Doe,40,Miami,Regular,2/02/2023,936,22/03/2025,1023.94,2,0,Jeans,Electronics,511.97
289,Sarah,Doe,37,New York,Regular,16/03/2024,1112,5/01/2025,1404.96,1,0,Sneakers,Clothing,1404.96
290,David,Jones,28,Miami,Regular,2/05/2023,2493,4/02/2025,2256.93,3,0,Shirt,Electronics,752.31
290,David,Jones,28,Miami,Regular,2/05/2023,1826,3/03/2025,1730.58,2,0.2,Jacket,Accessories,1081.61
290,David,Jones,28,Miami,Regular,2/05/2023,447,12/03/2025,793.18,1,0.2,Keyboard,Accessories,991.47
291,Mike,Jones,32,Los Angeles,Regular,28/01/2024,2349,5/02/2025,228.24,4,0,Laptop,Clothing,57.06
291,Mike,Jones,32,Los Angeles,Regular,28/01/2024,2272,18/01/2025,117.58,1,0,Keyboard,Clothing,117.58
291,Mike,Jones,32,Los Angeles,Regular,28/01/2024,704,16/02/2025,1494.54,1,0,Hat,Electronics,1494.54
292,Jane,Kyle,30,Houston,Regular,5/04/2024,1484,19/01/2025,2449.59,3,0,Jacket,Clothing,816.53
292,Jane,Kyle,30,Houston,Regular,5/04/2024,958,8/03/2025,1633.06,2,0,Jacket,Clothing,816.53
293,David,Clark,29,New York,Regular,19/11/2023,80,9/03/2025,4406.72,4,0.1,Dress,Clothing,1224.09
294,Bob,Lee,43,Houston,Regular,21/01/2024,2665,27/02/2025,1023.54,1,0,Jacket,Accessories,1023.54
294,Bob,Lee,43,Houston,Regular,21/01/2024,1748,11/01/2025,259.55,1,0,Belt,Clothing,259.55
294,Bob,Lee,43,Houston,Regular,21/01/2024,1347,19/01/2025,3915.96,4,0,Headphones,Clothing,978.99
294,Bob,Lee,43,Houston,Regular,21/01/2024,1277,7/03/2025,3952.91,3,0.1,Shirt,Electronics,1464.04
295,Jane,Taylor,38,Los Angeles,Silver,29/03/2024,2633,14/02/2025,235.16,2,0,Keyboard,Clothing,117.58
295,Jane,Taylor,38,Los Angeles,Silver,29/03/2024,2158,7/02/2025,129.37,1,0,Shirt,Clothing,129.37
295,Jane,Taylor,38,Los Angeles,Silver,29/03/2024,998,20/03/2025,3534.19,3,0.1,Monitor,Electronics,1308.96
295,Jane,Taylor,38,Los Angeles,Silver,29/03/2024,618,26/01/2025,515.78,1,0,Hat,Accessories,515.78
296,Bob,Smith,28,New York,Regular,15/04/2024,201,3/03/2025,921.96,3,0,Dress,Accessories,307.32
297,Alan,Johnson,43,chicago,Silver,6/02/2023,2784,4/03/2025,1074.62,1,0.2,Smartphone,Clothing,1343.28
297,Alan,Johnson,43,chicago,Silver,6/02/2023,2569,20/03/2025,4818.28,4,0,Belt,Clothing,1204.57
297,Alan,Johnson,43,chicago,Silver,6/02/2023,2066,31/03/2025,1038.2,4,0,Belt,Clothing,259.55
297,Alan,Johnson,43,chicago,Silver,6/02/2023,1097,21/02/2025,677.08,1,0.1,Shirt,Electronics,752.31
298,Harry,Wilson,38,chicago,Regular,3/02/2023,941,4/01/2025,2809.92,2,0,Sneakers,Clothing,1404.96
298,Harry,Wilson,38,chicago,Regular,3/02/2023,251,18/02/2025,825.91,1,0,Laptop,Clothing,825.91
299,Tom,Kyle,43,Houston,Regular,1/07/2023,2394,11/02/2025,2051.85,3,0,Tablet,Electronics,683.95
301,Sarah,Brown,26,New York,Regular,6/11/2024,1579,19/01/2025,114.12,2,0,Laptop,Clothing,57.06
301,Sarah,Brown,26,New York,Regular,6/11/2024,462,2/01/2025,2632.39,2,0.1,Hat,Electronics,1462.44
302,Tom,Clark,29,Chicago,Regular,7/11/2023,2098,21/03/2025,1031.56,2,0,Hat,Accessories,515.78
302,Tom,Clark,29,Chicago,Regular,7/11/2023,1356,24/01/2025,990.88,4,0,Keyboard,Clothing,247.72
302,Tom,Clark,29,Chicago,Regular,7/11/2023,1059,17/02/2025,990.06,1,0.1,Laptop,Clothing,1100.07
302,Tom,Clark,29,Chicago,Regular,7/11/2023,613,5/03/2025,2407.39,4,0.2,Shirt,Electronics,752.31
302,Tom,Clark,29,Chicago,Regular,7/11/2023,223,26/02/2025,1081.61,1,0,Jacket,Accessories,1081.61
303,Emily,Smith,42,New York,Gold,24/12/2024,1233,28/02/2025,235.16,2,0,Keyboard,Clothing,117.58
303,Emily,Smith,42,New York,Gold,24/12/2024,817,30/01/2025,1494.54,1,0,Hat,Electronics,1494.54
304,Alice,Doe,41,New York,Regular,18/06/2023,1956,7/02/2025,2448.18,2,0,Dress,Clothing,1224.09
304,Alice,Doe,41,New York,Regular,18/06/2023,519,7/01/2025,307.32,1,0,Dress,Accessories,307.32
304,Alice,Doe,41,New York,Regular,18/06/2023,316,24/03/2025,615.56,1,0.1,Tablet,Electronics,683.95
304,Alice,Doe,41,New York,Regular,18/06/2023,108,26/03/2025,3280.44,3,0,Tablet,Clothing,1093.48
305,Wendy,Smith,34,chicago,Silver,18/05/2024,1881,13/03/2025,199.84,2,0,Laptop,Accessories,99.92
305,Wendy,Smith,34,chicago,Silver,18/05/2024,1864,19/01/2025,57.06,1,0,Laptop,Clothing,57.06
305,Wendy,Smith,34,chicago,Silver,18/05/2024,1753,20/02/2025,1173.36,1,0.1,Mouse,Accessories,1303.73
305,Wendy,Smith,34,chicago,Silver,18/05/2024,431,13/02/2025,350.4,1,0,Smartphone,Clothing,350.4
305,Wendy,Smith,34,chicago,Silver,18/05/2024,205,21/01/2025,1462.44,1,0,Hat,Electronics,1462.44
306,Alan,Clark,36,New York,Regular,17/03/2024,1690,23/02/2025,959.85,1,0.1,Smartphone,Clothing,1066.5
306,Alan,Clark,36,New York,Regular,17/03/2024,782,25/02/2025,816.53,1,0,Jacket,Clothing,816.53
306,Alan,Clark,36,New York,Regular,17/03/2024,726,31/03/2025,3524.36,4,0.1,Headphones,Clothing,978.99
307,Wendy,Monta,47,Los Angeles,Regular,18/05/2023,1857,23/02/2025,2989.08,2,0,Hat,Electronics,1494.54
307,Wendy,Monta,47,Los Angeles,Regular,18/05/2023,1648,12/03/2025,235.16,2,0,Keyboard,Clothing,117.58
307,Wendy,Monta,47,Los Angeles,Regular,18/05/2023,397,1/04/2025,515.78,1,0,Hat,Accessories,515.78
308,Mikayla,Doe,29,Houston,Silver,16/11/2023,2818,17/02/2025,1401.6,4,0,Smartphone,Clothing,350.4
308,Mikayla,Doe,29,Houston,Silver,16/11/2023,1237,12/03/2025,178.14,4,0.2,Sunglasses,Clothing,55.67
309,Lisa,Johnson,40,Houston,Regular,3/02/2024,1436,10/02/2025,1231.11,2,0.1,Tablet,Electronics,683.95
309,Lisa,Johnson,40,Houston,Regular,3/02/2024,1249,19/02/2025,515.78,1,0,Hat,Accessories,515.78
309,Lisa,Johnson,40,Houston,Regular,3/02/2024,1091,23/01/2025,968.93,1,0,Shirt,Accessories,968.93
309,Lisa,Johnson,40,Houston,Regular,3/02/2024,1017,3/01/2025,1354.16,2,0.1,Shirt,Electronics,752.31
309,Lisa,Johnson,40,Houston,Regular,3/02/2024,658,14/02/2025,2874.84,3,0,Jeans,Accessories,958.28
310,John,Brown,32,Miami,Silver,14/05/2024,2241,13/03/2025,307.32,1,0,Dress,Accessories,307.32
311,Mikayla,Doe,32,Los Angeles,Gold,23/04/2023,583,1/02/2025,2200.14,2,0,Laptop,Clothing,1100.07
312,John,Monta,45,New York,Gold,5/08/2024,2804,21/02/2025,4373.92,4,0,Tablet,Clothing,1093.48
312,John,Monta,45,New York,Gold,5/08/2024,2646,9/03/2025,787.9,2,0,Monitor,Clothing,393.95
312,John,Monta,45,New York,Gold,5/08/2024,1141,13/03/2025,131.63,1,0,Jeans,Clothing,131.63
312,John,Monta,45,New York,Gold,5/08/2024,654,5/03/2025,515.78,1,0,Hat,Accessories,515.78
312,John,Monta,45,New York,Gold,5/08/2024,650,23/01/2025,99.92,1,0,Laptop,Accessories,99.92
313,Harry,Brown,43,Miami,Silver,22/11/2024,1694,20/01/2025,1204.57,1,0,Belt,Clothing,1204.57
314,Alice,Doe,43,chicago,Regular,17/05/2024,2731,1/02/2025,1633.06,2,0,Jacket,Clothing,816.53
314,Alice,Doe,43,chicago,Regular,17/05/2024,2599,27/01/2025,1343.28,1,0,Smartphone,Clothing,1343.28
314,Alice,Doe,43,chicago,Regular,17/05/2024,2311,25/02/2025,1073.99,1,0,Dress,Clothing,1073.99
314,Alice,Doe,43,chicago,Regular,17/05/2024,2224,2/03/2025,1633.06,2,0,Jacket,Clothing,816.53
314,Alice,Doe,43,chicago,Regular,17/05/2024,849,22/03/2025,1100.07,1,0,Laptop,Clothing,1100.07
314,Alice,Doe,43,chicago,Regular,17/05/2024,607,9/02/2025,1186.65,1,0,Sneakers,Electronics,1186.65
315,John,Smith,48,Los Angeles,Regular,6/11/2024,2251,6/01/2025,1588.68,2,0,Sneakers,Clothing,794.34
315,John,Smith,48,Los Angeles,Regular,6/11/2024,188,2/02/2025,350.4,1,0,Smartphone,Clothing,350.4
317,Lisa,Taylor,41,Miami,Regular,2/12/2024,2426,8/03/2025,1916.56,2,0,Jeans,Accessories,958.28
317,Lisa,Taylor,41,Miami,Regular,2/12/2024,1050,25/01/2025,1535.91,3,0,Jeans,Electronics,511.97
318,John,Monta,31,New York,Regular,6/07/2024,2699,10/03/2025,129.37,1,0,Shirt,Clothing,129.37
318,John,Monta,31,New York,Regular,6/07/2024,2367,13/03/2025,399.68,4,0,Laptop,Accessories,99.92
318,John,Monta,31,New York,Regular,6/07/2024,1077,12/03/2025,1957.98,2,0,Headphones,Clothing,978.99
318,John,Monta,31,New York,Regular,6/07/2024,799,5/03/2025,526.52,4,0,Jeans,Clothing,131.63
318,John,Monta,31,New York,Regular,6/07/2024,389,10/02/2025,236.93,2,0.1,Jeans,Clothing,131.63
319,Emily,Johnson,38,New York,Silver,8/08/2024,2680,21/03/2025,3070.62,3,0,Jacket,Accessories,1023.54
319,Emily,Johnson,38,New York,Silver,8/08/2024,471,12/03/2025,4707.86,4,0.1,Monitor,Clothing,1307.74
320,Harry,Lee,33,chicago,Gold,26/04/2024,2125,1/04/2025,352.74,3,0,Keyboard,Clothing,117.58
320,Harry,Lee,33,chicago,Gold,26/04/2024,1869,23/03/2025,958.28,1,0,Jeans,Accessories,958.28
320,Harry,Lee,33,chicago,Gold,26/04/2024,1415,25/01/2025,653.22,1,0.2,Jacket,Clothing,816.53
321,Emily,Monta,35,New York,Regular,2/05/2024,2700,16/01/2025,1176.97,1,0.1,Monitor,Clothing,1307.74
321,Emily,Monta,35,New York,Regular,2/05/2024,2377,30/03/2025,559.45,1,0.2,Backpack,Clothing,699.31
321,Emily,Monta,35,New York,Regular,2/05/2024,2112,1/02/2025,1116.63,1,0,Laptop,Electronics,1116.63
321,Emily,Monta,35,New York,Regular,2/05/2024,405,11/02/2025,825.91,1,0,Laptop,Clothing,825.91
322,Lisa,Smith,40,Los Angeles,Silver,29/07/2024,2780,8/02/2025,816.53,1,0,Jacket,Clothing,816.53
322,Lisa,Smith,40,Los Angeles,Silver,29/07/2024,1125,20/01/2025,3349.89,3,0,Laptop,Electronics,1116.63
322,Lisa,Smith,40,Los Angeles,Silver,29/07/2024,768,23/01/2025,1081.61,1,0,Jacket,Accessories,1081.61
323,Jane,Johnson,26,New York,Silver,10/06/2023,2745,6/02/2025,1023.54,1,0,Jacket,Accessories,1023.54
323,Jane,Johnson,26,New York,Silver,10/06/2023,2672,30/01/2025,199.84,2,0,Laptop,Accessories,99.92
324,Jane,Wilson,55,New York,Regular,2/06/2024,2421,12/03/2025,181.68,1,0.3,Belt,Clothing,259.55
325,Emily,Smith,24,Los Angeles,Regular,27/02/2023,1983,13/02/2025,78.7,1,0.1,Mouse,Electronics,87.44
325,Emily,Smith,24,Los Angeles,Regular,27/02/2023,1807,14/03/2025,1367.9,2,0,Tablet,Electronics,683.95
325,Emily,Smith,24,Los Angeles,Regular,27/02/2023,407,15/01/2025,336.63,1,0,Shirt,Electronics,336.63
326,David,Taylor,22,New York,Regular,5/02/2024,1334,2/03/2025,1264.46,1,0.1,Sneakers,Clothing,1404.96
326,David,Taylor,22,New York,Regular,5/02/2024,401,26/02/2025,680.72,2,0.1,Shirt,Electronics,378.18
326,David,Taylor,22,New York,Regular,5/02/2024,344,24/01/2025,1116.63,1,0,Laptop,Electronics,1116.63
327,Alice,Kyle,46,Houston,Silver,27/09/2023,2708,1/02/2025,1176.97,1,0.1,Monitor,Clothing,1307.74
327,Alice,Kyle,46,Houston,Silver,27/09/2023,970,1/01/2025,1890.9,5,0,Shirt,Electronics,378.18
327,Alice,Kyle,46,Houston,Silver,27/09/2023,869,22/01/2025,3965.88,4,0,Keyboard,Accessories,991.47
328,Jane,Doe,42,chicago,Regular,21/05/2024,2624,18/02/2025,2200.14,2,0,Laptop,Clothing,1100.07
328,Jane,Doe,42,chicago,Regular,21/05/2024,1039,1/03/2025,247.72,1,0,Keyboard,Clothing,247.72
328,Jane,Doe,42,chicago,Regular,21/05/2024,985,25/03/2025,57.06,1,0,Laptop,Clothing,57.06
328,Jane,Doe,42,chicago,Regular,21/05/2024,750,13/03/2025,1073.99,1,0,Dress,Clothing,1073.99
328,Jane,Doe,42,chicago,Regular,21/05/2024,270,31/01/2025,2373.3,2,0,Sneakers,Electronics,1186.65
329,Alice,Wilson,41,Los Angeles,Regular,28/08/2024,2682,15/03/2025,336.63,1,0,Shirt,Electronics,336.63
329,Alice,Wilson,41,Los Angeles,Regular,28/08/2024,2366,30/03/2025,4387.32,3,0,Hat,Electronics,1462.44
329,Alice,Wilson,41,Los Angeles,Regular,28/08/2024,1763,17/02/2025,3936.53,4,0.1,Tablet,Clothing,1093.48
329,Alice,Wilson,41,Los Angeles,Regular,28/08/2024,1105,17/01/2025,393.95,1,0,Monitor,Clothing,393.95
329,Alice,Wilson,41,Los Angeles,Regular,28/08/2024,634,29/03/2025,5619.84,4,0,Sneakers,Clothing,1404.96
330,Sarah,Lee,41,Houston,Regular,22/01/2024,2761,21/02/2025,3613.71,3,0,Belt,Clothing,1204.57
330,Sarah,Lee,41,Houston,Regular,22/01/2024,816,19/02/2025,174.88,2,0,Mouse,Electronics,87.44
331,Jane,Kyle,34,New York,Silver,23/09/2024,1309,18/01/2025,4214.88,3,0,Sneakers,Clothing,1404.96
331,Jane,Kyle,34,New York,Silver,23/09/2024,875,10/03/2025,825.91,1,0,Laptop,Clothing,825.91
332,David,Wilson,26,Los Angeles,Regular,23/11/2024,2058,2/02/2025,105.3,1,0.2,Jeans,Clothing,131.63
332,David,Wilson,26,Los Angeles,Regular,23/11/2024,1886,14/03/2025,285.3,5,0,Laptop,Clothing,57.06
332,David,Wilson,26,Los Angeles,Regular,23/11/2024,1115,9/01/2025,114.12,2,0,Laptop,Clothing,57.06
332,David,Wilson,26,Los Angeles,Regular,23/11/2024,695,12/03/2025,837.49,1,0,Sneakers,Clothing,837.49
332,David,Wilson,26,Los Angeles,Regular,23/11/2024,678,7/02/2025,519.1,2,0,Belt,Clothing,259.55
333,Alan,Lee,35,Miami,Gold,28/12/2023,1074,26/01/2025,5373.12,4,0,Smartphone,Clothing,1343.28
334,Wendy,Lee,28,Miami,Silver,19/10/2023,2130,13/01/2025,1367.9,2,0,Tablet,Electronics,683.95
334,Wendy,Lee,28,Miami,Silver,19/10/2023,1636,17/01/2025,1287.98,2,0,Dress,Clothing,643.99
334,Wendy,Lee,28,Miami,Silver,19/10/2023,1447,17/03/2025,2455.54,2,0,Smartphone,Electronics,1227.77
334,Wendy,Lee,28,Miami,Silver,19/10/2023,596,31/03/2025,892.32,1,0.1,Keyboard,Accessories,991.47
335,Alice,Smith,44,Miami,Regular,25/11/2023,590,16/01/2025,699.31,1,0,Backpack,Clothing,699.31
335,Alice,Smith,44,Miami,Regular,25/11/2023,225,28/03/2025,1919.7,2,0.1,Smartphone,Clothing,1066.5
335,Alice,Smith,44,Miami,Regular,25/11/2023,156,30/01/2025,131.63,1,0,Jeans,Clothing,131.63
336,Mikayla,Wilson,33,Miami,Regular,4/03/2023,2525,29/01/2025,756.36,2,0,Shirt,Electronics,378.18
336,Mikayla,Wilson,33,Miami,Regular,4/03/2023,1080,19/02/2025,87.44,1,0,Mouse,Electronics,87.44
337,Alice,Wilson,26,Houston,Gold,29/01/2023,1860,8/02/2025,643.99,1,0,Dress,Clothing,643.99
338,David,Lee,31,Houston,Silver,27/08/2024,2191,22/01/2025,1287.98,2,0,Dress,Clothing,643.99
338,David,Lee,31,Houston,Silver,27/08/2024,1463,12/03/2025,1486.64,2,0.1,Laptop,Clothing,825.91
338,David,Lee,31,Houston,Silver,27/08/2024,1298,16/03/2025,2989.08,2,0,Hat,Electronics,1494.54
338,David,Lee,31,Houston,Silver,27/08/2024,1028,17/01/2025,837.49,1,0,Sneakers,Clothing,837.49
339,John,Smith,39,chicago,Silver,16/02/2023,2051,7/02/2025,968.93,1,0,Shirt,Accessories,968.93
340,Tom,Kyle,29,Miami,Regular,12/05/2023,2290,10/01/2025,1287.98,2,0,Dress,Clothing,643.99
340,Tom,Kyle,29,Miami,Regular,12/05/2023,863,21/01/2025,1762.18,2,0.1,Headphones,Clothing,978.99
340,Tom,Kyle,29,Miami,Regular,12/05/2023,714,26/03/2025,336.63,1,0,Shirt,Electronics,336.63
340,Tom,Kyle,29,Miami,Regular,12/05/2023,630,19/03/2025,165.81,1,0,Monitor,Accessories,165.81
341,Tom,Brown,26,Miami,Regular,11/01/2024,594,21/02/2025,818.83,1,0.2,Jacket,Accessories,1023.54
341,Tom,Brown,26,Miami,Regular,11/01/2024,124,15/01/2025,149.23,1,0.1,Monitor,Accessories,165.81
342,Alan,Wilson,37,Los Angeles,Regular,24/12/2023,2288,22/03/2025,1186.65,1,0,Sneakers,Electronics,1186.65
342,Alan,Wilson,37,Los Angeles,Regular,24/12/2023,673,21/03/2025,5500.35,5,0,Laptop,Clothing,1100.07
342,Alan,Wilson,37,Los Angeles,Regular,24/12/2023,479,22/03/2025,171.18,3,0,Laptop,Clothing,57.06
342,Alan,Wilson,37,Los Angeles,Regular,24/12/2023,164,22/01/2025,99.92,1,0,Laptop,Accessories,99.92
343,Sarah,Monta,37,New York,Regular,20/08/2024,2403,28/03/2025,978.99,1,0,Headphones,Clothing,978.99
343,Sarah,Monta,37,New York,Regular,20/08/2024,1907,9/01/2025,4679.81,4,0.2,Hat,Electronics,1462.44
343,Sarah,Monta,37,New York,Regular,20/08/2024,1822,20/02/2025,3923.22,3,0,Monitor,Clothing,1307.74
343,Sarah,Monta,37,New York,Regular,20/08/2024,1280,17/01/2025,1238.6,5,0,Keyboard,Clothing,247.72
343,Sarah,Monta,37,New York,Regular,20/08/2024,659,13/01/2025,167.01,3,0,Sunglasses,Clothing,55.67
343,Sarah,Monta,37,New York,Regular,20/08/2024,473,25/01/2025,1307.74,1,0,Monitor,Clothing,1307.74
345,Wendy,Monta,30,Houston,Gold,2/10/2024,1244,8/02/2025,129.37,1,0,Shirt,Clothing,129.37
346,Emily,Kyle,37,Los Angeles,Silver,16/12/2023,1660,6/02/2025,683.95,1,0,Tablet,Electronics,683.95
348,Mikayla,Wilson,20,Los Angeles,Regular,10/04/2023,1974,11/03/2025,1933.18,2,0.1,Dress,Clothing,1073.99
349,Bob,Brown,27,Chicago,Regular,14/03/2024,2631,25/02/2025,2924.88,2,0,Hat,Electronics,1462.44
349,Bob,Brown,27,Chicago,Regular,14/03/2024,2448,19/01/2025,1227.77,1,0,Smartphone,Electronics,1227.77
349,Bob,Brown,27,Chicago,Regular,14/03/2024,2100,29/03/2025,2047.08,2,0,Jacket,Accessories,1023.54
349,Bob,Brown,27,Chicago,Regular,14/03/2024,328,20/02/2025,1063.66,3,0.1,Monitor,Clothing,393.95
350,Harry,Brown,32,Los Angeles,Regular,20/12/2023,2406,3/02/2025,2125.3,2,0,Monitor,Clothing,1062.65
350,Harry,Brown,32,Los Angeles,Regular,20/12/2023,2154,8/03/2025,1238.6,5,0,Keyboard,Clothing,247.72
351,Jane,Clark,38,Houston,Silver,1/01/2024,262,7/02/2025,460.77,1,0.1,Jeans,Electronics,511.97
352,Lisa,Lee,49,Chicago,Regular,26/02/2024,1867,27/01/2025,2200.14,2,0,Laptop,Clothing,1100.07
352,Lisa,Lee,49,Chicago,Regular,26/02/2024,791,28/01/2025,978.99,1,0,Headphones,Clothing,978.99
352,Lisa,Lee,49,Chicago,Regular,26/02/2024,455,29/01/2025,1073.99,1,0,Dress,Clothing,1073.99
353,Mikayla,Wilson,43,Houston,Regular,26/12/2023,2669,25/02/2025,78.7,1,0.1,Mouse,Electronics,87.44
353,Mikayla,Wilson,43,Houston,Regular,26/12/2023,2462,28/02/2025,87.44,1,0,Mouse,Electronics,87.44
353,Mikayla,Wilson,43,Houston,Regular,26/12/2023,1589,18/03/2025,511.97,1,0,Jeans,Electronics,511.97
353,Mikayla,Wilson,43,Houston,Regular,26/12/2023,501,17/01/2025,630.72,2,0.1,Smartphone,Clothing,350.4
354,Tom,Jones,33,Houston,Regular,27/02/2023,1788,15/01/2025,5408.05,5,0,Jacket,Accessories,1081.61
354,Tom,Jones,33,Houston,Regular,27/02/2023,1764,7/03/2025,1159.18,2,0.1,Dress,Clothing,643.99
355,John,Doe,34,Houston,Silver,8/11/2024,2412,20/03/2025,2528.93,2,0.1,Sneakers,Clothing,1404.96
355,John,Doe,34,Houston,Silver,8/11/2024,1768,19/03/2025,3280.44,3,0,Tablet,Clothing,1093.48
355,John,Doe,34,Houston,Silver,8/11/2024,247,10/01/2025,978.99,1,0,Headphones,Clothing,978.99
356,Wendy,Wilson,24,New York,Regular,8/09/2023,1761,4/02/2025,2373.3,2,0,Sneakers,Electronics,1186.65
356,Wendy,Wilson,24,New York,Regular,8/09/2023,125,16/01/2025,1784.65,2,0.1,Keyboard,Accessories,991.47
357,Alice,Monta,34,Los Angeles,Regular,11/09/2023,2254,19/01/2025,179.86,2,0.1,Laptop,Accessories,99.92
357,Alice,Monta,34,Los Angeles,Regular,11/09/2023,1308,1/04/2025,2928.08,2,0,Shirt,Electronics,1464.04
357,Alice,Monta,34,Los Angeles,Regular,11/09/2023,1047,27/01/2025,1074.62,1,0.2,Smartphone,Clothing,1343.28
358,Tom,Johnson,32,Los Angeles,Regular,29/08/2023,2674,9/02/2025,55.67,1,0,Sunglasses,Clothing,55.67
358,Tom,Johnson,32,Los Angeles,Regular,29/08/2023,2085,5/03/2025,816.53,1,0,Jacket,Clothing,816.53
358,Tom,Johnson,32,Los Angeles,Regular,29/08/2023,516,1/03/2025,677.08,1,0.1,Shirt,Electronics,752.31
358,Tom,Johnson,32,Los Angeles,Regular,29/08/2023,504,1/04/2025,1504.62,2,0,Shirt,Electronics,752.31
358,Tom,Johnson,32,Los Angeles,Regular,29/08/2023,113,3/02/2025,1204.57,1,0,Belt,Clothing,1204.57
359,Wendy,Smith,38,chicago,Regular,25/10/2024,2566,26/02/2025,3965.88,4,0,Keyboard,Accessories,991.47
359,Wendy,Smith,38,chicago,Regular,25/10/2024,1005,28/02/2025,1173.36,1,0.1,Mouse,Accessories,1303.73
360,Emily,Lee,26,New York,Regular,16/11/2023,1790,19/02/2025,958.28,1,0,Jeans,Accessories,958.28
360,Emily,Lee,26,New York,Regular,16/11/2023,1601,31/03/2025,495.44,2,0,Keyboard,Clothing,247.72
360,Emily,Lee,26,New York,Regular,16/11/2023,804,2/01/2025,630.72,2,0.1,Smartphone,Clothing,350.4
361,Wendy,Wilson,40,chicago,Regular,29/08/2024,2291,19/01/2025,699.31,1,0,Backpack,Clothing,699.31
361,Wendy,Wilson,40,chicago,Regular,29/08/2024,1331,19/03/2025,837.49,1,0,Sneakers,Clothing,837.49
361,Wendy,Wilson,40,chicago,Regular,29/08/2024,169,20/01/2025,117.58,1,0,Keyboard,Clothing,117.58
363,Lisa,Taylor,33,New York,Regular,5/12/2024,1635,17/03/2025,673.26,2,0,Shirt,Electronics,336.63
363,Lisa,Taylor,33,New York,Regular,5/12/2024,700,12/03/2025,1100.07,1,0,Laptop,Clothing,1100.07
363,Lisa,Taylor,33,New York,Regular,5/12/2024,523,5/03/2025,232.87,2,0.1,Shirt,Clothing,129.37
366,David,Brown,30,Chicago,Silver,28/04/2023,2179,8/02/2025,117.58,1,0,Keyboard,Clothing,117.58
366,David,Brown,30,Chicago,Silver,28/04/2023,1416,30/01/2025,6544.8,5,0,Monitor,Electronics,1308.96
367,Emily,Taylor,37,Chicago,Silver,12/12/2023,2333,8/03/2025,99.92,1,0,Laptop,Accessories,99.92
368,Mikayla,Wilson,35,Chicago,Regular,23/06/2023,1524,10/02/2025,746.55,1,0.3,Smartphone,Clothing,1066.5
368,Mikayla,Wilson,35,Chicago,Regular,23/06/2023,1406,27/02/2025,1316.2,1,0.1,Hat,Electronics,1462.44
369,Bob,Lee,35,Miami,Regular,21/01/2023,2751,12/03/2025,872.04,1,0.1,Shirt,Accessories,968.93
369,Bob,Lee,35,Miami,Regular,21/01/2023,2011,15/01/2025,794.34,1,0,Sneakers,Clothing,794.34
369,Bob,Lee,35,Miami,Regular,21/01/2023,1321,11/01/2025,1916.56,2,0,Jeans,Accessories,958.28
369,Bob,Lee,35,Miami,Regular,21/01/2023,1056,1/03/2025,1957.98,2,0,Headphones,Clothing,978.99
